pair,ts,direction,reason
EURUSD,2024-01-09 23:00:00+00:00,-1,invalid_sl
EURUSD,2024-01-10 04:07:00+00:00,-1,position_open
EURUSD,2024-01-10 06:20:00+00:00,-1,position_open
EURUSD,2024-01-16 21:35:00+00:00,1,position_open
EURUSD,2024-02-01 02:50:00+00:00,1,position_open
EURUSD,2024-02-01 04:57:00+00:00,-1,position_open
EURUSD,2024-02-07 04:45:00+00:00,-1,invalid_sl
EURUSD,2024-02-09 20:56:00+00:00,1,position_open
EURUSD,2024-02-11 22:15:00+00:00,-1,position_open
EURUSD,2024-02-11 23:31:00+00:00,1,position_open
EURUSD,2024-02-15 06:21:00+00:00,-1,invalid_sl
EURUSD,2024-02-27 09:51:00+00:00,-1,invalid_sl
EURUSD,2024-03-01 00:28:00+00:00,1,invalid_sl
EURUSD,2024-03-01 15:00:00+00:00,-1,invalid_sl
EURUSD,2024-03-13 03:07:00+00:00,-1,invalid_sl
EURUSD,2024-03-13 21:01:00+00:00,-1,invalid_sl
EURUSD,2024-03-15 06:31:00+00:00,1,invalid_sl
EURUSD,2024-03-19 23:40:00+00:00,-1,invalid_sl
EURUSD,2024-03-24 23:04:00+00:00,1,position_open
EURUSD,2024-03-26 06:16:00+00:00,1,invalid_sl
EURUSD,2024-03-29 07:45:00+00:00,1,invalid_sl
EURUSD,2024-03-29 09:13:00+00:00,1,invalid_sl
EURUSD,2024-04-04 17:10:00+00:00,-1,invalid_sl
EURUSD,2024-04-23 13:45:00+00:00,-1,invalid_sl
EURUSD,2024-04-24 00:48:00+00:00,1,invalid_sl
EURUSD,2024-04-29 21:58:00+00:00,1,invalid_sl
EURUSD,2024-05-13 04:02:00+00:00,1,invalid_sl
EURUSD,2024-06-02 21:56:00+00:00,1,invalid_sl
EURUSD,2024-06-27 16:10:00+00:00,1,invalid_sl
EURUSD,2024-07-15 03:19:00+00:00,1,position_open
EURUSD,2024-07-15 07:17:00+00:00,-1,position_open
EURUSD,2024-07-15 08:41:00+00:00,1,position_open
EURUSD,2024-07-16 07:39:00+00:00,1,invalid_sl
EURUSD,2024-07-22 04:00:00+00:00,-1,position_open
EURUSD,2024-07-30 05:12:00+00:00,1,invalid_sl
EURUSD,2024-08-12 21:00:00+00:00,1,invalid_sl
EURUSD,2024-09-12 12:15:00+00:00,-1,invalid_sl
EURUSD,2024-10-06 23:51:00+00:00,1,invalid_sl
EURUSD,2024-10-21 22:34:00+00:00,1,invalid_sl
EURUSD,2024-10-24 12:30:00+00:00,1,invalid_sl
EURUSD,2024-10-25 00:00:00+00:00,-1,invalid_sl
EURUSD,2024-10-28 15:51:00+00:00,-1,invalid_sl
EURUSD,2024-11-12 14:24:00+00:00,1,position_open
EURUSD,2024-11-22 14:37:00+00:00,-1,position_open
EURUSD,2024-11-22 18:15:00+00:00,1,position_open
EURUSD,2024-11-22 20:07:00+00:00,-1,position_open
EURUSD,2024-11-22 21:34:00+00:00,1,position_open
EURUSD,2024-12-05 12:10:00+00:00,1,invalid_sl
EURUSD,2024-12-17 23:58:00+00:00,1,position_open
EURUSD,2024-12-20 06:09:00+00:00,1,invalid_sl
EURUSD,2024-12-23 00:47:00+00:00,-1,position_open
EURUSD,2024-12-30 22:00:00+00:00,1,position_open
EURUSD,2024-12-31 01:37:00+00:00,1,position_open
EURUSD,2024-12-31 05:08:00+00:00,-1,position_open
EURUSD,2024-12-31 07:52:00+00:00,1,position_open
EURUSD,2025-01-03 06:29:00+00:00,1,invalid_sl
EURUSD,2025-01-22 01:00:00+00:00,1,invalid_sl
EURUSD,2025-01-28 21:59:00+00:00,1,invalid_sl
EURUSD,2025-01-31 06:52:00+00:00,1,position_open
EURUSD,2025-01-31 08:55:00+00:00,-1,position_open
EURUSD,2025-02-07 15:00:00+00:00,1,invalid_sl
EURUSD,2025-02-21 14:36:00+00:00,1,invalid_sl
EURUSD,2025-04-10 22:00:00+00:00,-1,invalid_sl
EURUSD,2025-04-16 15:09:00+00:00,1,position_open
EURUSD,2025-04-16 16:01:00+00:00,1,position_open
EURUSD,2025-05-14 02:10:00+00:00,-1,position_open
EURUSD,2025-05-21 07:45:00+00:00,1,invalid_sl
EURUSD,2025-06-20 12:34:00+00:00,-1,invalid_sl
EURUSD,2025-07-02 03:37:00+00:00,-1,invalid_sl
EURUSD,2025-07-11 18:05:00+00:00,1,invalid_sl
EURUSD,2025-07-31 00:27:00+00:00,1,invalid_sl
EURUSD,2025-08-04 22:00:00+00:00,-1,invalid_sl
EURUSD,2025-08-07 03:09:00+00:00,-1,position_open
EURUSD,2025-08-18 06:45:00+00:00,-1,invalid_sl
EURUSD,2025-08-21 06:04:00+00:00,1,invalid_sl
EURUSD,2025-08-25 06:00:00+00:00,-1,invalid_sl
EURUSD,2025-08-25 06:36:00+00:00,1,invalid_sl
EURUSD,2025-08-29 06:57:00+00:00,-1,invalid_sl
EURUSD,2025-09-15 21:05:00+00:00,-1,invalid_sl
EURUSD,2025-09-23 16:35:00+00:00,1,invalid_sl
EURUSD,2025-10-06 02:38:00+00:00,1,position_open
EURUSD,2025-10-06 05:47:00+00:00,-1,position_open
EURUSD,2025-10-16 09:41:00+00:00,-1,invalid_sl
EURUSD,2025-10-16 11:35:00+00:00,-1,invalid_sl
EURUSD,2025-10-17 19:00:00+00:00,-1,position_open
EURUSD,2025-10-24 07:30:00+00:00,-1,invalid_sl
EURUSD,2025-11-05 15:00:00+00:00,1,invalid_sl
EURUSD,2025-11-06 22:57:00+00:00,1,invalid_sl
EURUSD,2025-11-10 22:40:00+00:00,-1,position_open
EURUSD,2025-11-13 04:16:00+00:00,1,position_open
EURUSD,2025-11-13 05:05:00+00:00,1,position_open
EURUSD,2025-11-19 00:02:00+00:00,-1,invalid_sl
EURUSD,2025-12-03 22:01:00+00:00,1,invalid_sl
EURUSD,2025-12-10 03:08:00+00:00,-1,position_open
EURUSD,2025-12-24 23:09:00+00:00,-1,invalid_sl
EURUSD,2025-12-25 22:52:00+00:00,1,invalid_sl
EURUSD,2026-01-09 21:56:00+00:00,-1,invalid_sl
EURUSD,2026-01-26 23:00:00+00:00,-1,invalid_sl
EURUSD,2026-01-29 14:31:00+00:00,1,position_open
EURUSD,2026-02-04 13:17:00+00:00,1,invalid_sl
EURUSD,2026-02-15 22:00:00+00:00,-1,invalid_sl
EURUSD,2026-02-19 04:31:00+00:00,-1,invalid_sl
EURUSD,2026-02-20 00:03:00+00:00,-1,invalid_sl
EURUSD,2026-02-26 20:14:00+00:00,1,position_open
EURUSD,2026-02-27 21:56:00+00:00,-1,invalid_sl
EURUSD,2026-03-11 00:49:00+00:00,1,position_open
EURUSD,2026-03-11 07:50:00+00:00,-1,position_open
EURUSD,2026-03-20 17:05:00+00:00,1,invalid_sl
EURUSD,2026-03-27 07:47:00+00:00,-1,invalid_sl
EURUSD,2026-03-30 21:30:00+00:00,-1,position_open
EURUSD,2026-04-01 23:45:00+00:00,1,invalid_sl
EURUSD,2026-04-06 01:22:00+00:00,-1,position_open
EURUSD,2026-04-06 03:19:00+00:00,1,invalid_sl
EURUSD,2026-04-13 02:33:00+00:00,1,position_open
EURUSD,2026-04-22 10:41:00+00:00,1,position_open
EURUSD,2026-05-03 23:39:00+00:00,1,invalid_sl
EURUSD,2026-05-08 17:33:00+00:00,1,position_open
EURUSD,2026-05-18 19:01:00+00:00,-1,invalid_sl
EURUSD,2026-05-20 23:46:00+00:00,-1,invalid_sl
EURUSD,2026-05-25 21:29:00+00:00,-1,invalid_sl
EURUSD,2026-05-27 21:59:00+00:00,-1,position_open
EURUSD,2026-06-02 03:00:00+00:00,-1,invalid_sl
EURUSD,2026-06-14 21:00:00+00:00,-1,invalid_sl
USDJPY,2024-01-12 19:51:00+00:00,1,position_open
USDJPY,2024-01-19 19:52:00+00:00,-1,invalid_sl
USDJPY,2024-01-22 23:00:00+00:00,-1,invalid_sl
USDJPY,2024-02-05 15:00:00+00:00,-1,invalid_sl
USDJPY,2024-02-05 20:06:00+00:00,1,invalid_sl
USDJPY,2024-02-07 03:51:00+00:00,-1,invalid_sl
USDJPY,2024-02-12 07:41:00+00:00,-1,invalid_sl
USDJPY,2024-02-12 21:59:00+00:00,1,invalid_sl
USDJPY,2024-02-21 01:16:00+00:00,1,position_open
USDJPY,2024-03-13 14:50:00+00:00,-1,invalid_sl
USDJPY,2024-03-17 22:02:00+00:00,1,invalid_sl
USDJPY,2024-03-22 03:37:00+00:00,-1,position_open
USDJPY,2024-03-26 22:01:00+00:00,-1,invalid_sl
USDJPY,2024-03-28 05:52:00+00:00,-1,invalid_sl
USDJPY,2024-04-02 18:15:00+00:00,-1,position_open
USDJPY,2024-04-02 19:07:00+00:00,1,position_open
USDJPY,2024-04-02 21:18:00+00:00,-1,position_open
USDJPY,2024-04-11 23:25:00+00:00,1,invalid_sl
USDJPY,2024-04-23 12:24:00+00:00,-1,invalid_sl
USDJPY,2024-04-23 19:48:00+00:00,1,position_open
USDJPY,2024-04-23 23:04:00+00:00,-1,position_open
USDJPY,2024-04-24 00:51:00+00:00,-1,position_open
USDJPY,2024-04-24 02:09:00+00:00,1,position_open
USDJPY,2024-04-29 21:57:00+00:00,1,position_open
USDJPY,2024-04-29 22:33:00+00:00,1,position_open
USDJPY,2024-05-05 22:00:00+00:00,-1,invalid_sl
USDJPY,2024-05-10 18:23:00+00:00,1,invalid_sl
USDJPY,2024-05-19 22:08:00+00:00,-1,invalid_sl
USDJPY,2024-05-21 23:25:00+00:00,1,invalid_sl
USDJPY,2024-05-22 01:19:00+00:00,1,invalid_sl
USDJPY,2024-05-24 08:59:00+00:00,-1,position_open
USDJPY,2024-05-24 20:57:00+00:00,1,invalid_sl
USDJPY,2024-05-29 23:24:00+00:00,-1,position_open
USDJPY,2024-06-24 20:03:00+00:00,1,invalid_sl
USDJPY,2024-06-30 23:22:00+00:00,-1,position_open
USDJPY,2024-07-01 00:01:00+00:00,1,position_open
USDJPY,2024-07-14 21:00:00+00:00,-1,invalid_sl
USDJPY,2024-07-24 10:20:00+00:00,1,position_open
USDJPY,2024-07-24 10:58:00+00:00,-1,position_open
USDJPY,2024-07-31 05:51:00+00:00,1,invalid_sl
USDJPY,2024-08-08 21:00:00+00:00,1,invalid_sl
USDJPY,2024-08-08 21:50:00+00:00,1,invalid_sl
USDJPY,2024-08-15 00:50:00+00:00,1,invalid_sl
USDJPY,2024-08-21 20:59:00+00:00,1,invalid_sl
USDJPY,2024-09-13 07:02:00+00:00,1,invalid_sl
USDJPY,2024-09-25 13:41:00+00:00,-1,invalid_sl
USDJPY,2024-10-04 00:52:00+00:00,1,invalid_sl
USDJPY,2024-11-14 13:30:00+00:00,-1,invalid_sl
USDJPY,2024-11-20 14:20:00+00:00,1,invalid_sl
USDJPY,2024-11-22 03:59:00+00:00,-1,invalid_sl
USDJPY,2024-12-25 22:45:00+00:00,1,invalid_sl
USDJPY,2025-01-14 07:24:00+00:00,-1,invalid_sl
USDJPY,2025-01-14 13:30:00+00:00,1,invalid_sl
USDJPY,2025-01-16 09:45:00+00:00,-1,invalid_sl
USDJPY,2025-02-04 23:30:00+00:00,1,invalid_sl
USDJPY,2025-02-11 06:43:00+00:00,1,position_open
USDJPY,2025-02-12 12:58:00+00:00,1,invalid_sl
USDJPY,2025-02-12 20:39:00+00:00,-1,position_open
USDJPY,2025-02-13 00:09:00+00:00,-1,position_open
USDJPY,2025-02-13 01:12:00+00:00,1,position_open
USDJPY,2025-02-13 02:00:00+00:00,-1,position_open
USDJPY,2025-02-13 04:53:00+00:00,1,position_open
USDJPY,2025-02-13 05:51:00+00:00,-1,position_open
USDJPY,2025-02-13 08:50:00+00:00,-1,position_open
USDJPY,2025-02-28 20:53:00+00:00,-1,invalid_sl
USDJPY,2025-03-09 23:28:00+00:00,-1,invalid_sl
USDJPY,2025-03-20 12:30:00+00:00,-1,invalid_sl
USDJPY,2025-03-21 10:05:00+00:00,-1,position_open
USDJPY,2025-03-26 21:00:00+00:00,1,invalid_sl
USDJPY,2025-03-28 14:38:00+00:00,-1,invalid_sl
USDJPY,2025-04-02 03:57:00+00:00,-1,invalid_sl
USDJPY,2025-04-13 21:00:00+00:00,-1,invalid_sl
USDJPY,2025-05-06 06:37:00+00:00,1,invalid_sl
USDJPY,2025-05-06 23:11:00+00:00,1,invalid_sl
USDJPY,2025-05-07 14:46:00+00:00,-1,invalid_sl
USDJPY,2025-05-08 00:57:00+00:00,-1,invalid_sl
USDJPY,2025-05-14 00:26:00+00:00,1,invalid_sl
USDJPY,2025-05-26 22:00:00+00:00,-1,invalid_sl
USDJPY,2025-05-27 20:59:00+00:00,1,invalid_sl
USDJPY,2025-06-17 09:22:00+00:00,1,invalid_sl
USDJPY,2025-07-01 21:19:00+00:00,-1,invalid_sl
USDJPY,2025-07-07 22:01:00+00:00,-1,invalid_sl
USDJPY,2025-07-15 03:24:00+00:00,-1,invalid_sl
USDJPY,2025-07-16 12:30:00+00:00,1,invalid_sl
USDJPY,2025-08-06 22:38:00+00:00,1,position_open
USDJPY,2025-08-12 22:38:00+00:00,1,position_open
USDJPY,2025-08-13 00:07:00+00:00,-1,position_open
USDJPY,2025-08-19 21:31:00+00:00,-1,invalid_sl
USDJPY,2025-08-21 03:16:00+00:00,1,invalid_sl
USDJPY,2025-08-26 22:30:00+00:00,1,invalid_sl
USDJPY,2025-09-09 08:15:00+00:00,1,invalid_sl
USDJPY,2025-09-09 12:48:00+00:00,1,invalid_sl
USDJPY,2025-09-09 23:07:00+00:00,-1,invalid_sl
USDJPY,2025-09-11 00:48:00+00:00,1,invalid_sl
USDJPY,2025-09-14 22:58:00+00:00,1,position_open
USDJPY,2025-09-15 01:34:00+00:00,-1,position_open
USDJPY,2025-09-15 06:34:00+00:00,1,position_open
USDJPY,2025-09-15 07:44:00+00:00,-1,position_open
USDJPY,2025-09-21 22:03:00+00:00,-1,invalid_sl
USDJPY,2025-09-24 22:00:00+00:00,-1,invalid_sl
USDJPY,2025-09-29 19:13:00+00:00,1,invalid_sl
USDJPY,2025-09-30 22:00:00+00:00,-1,invalid_sl
USDJPY,2025-10-06 12:00:00+00:00,1,invalid_sl
USDJPY,2025-10-14 21:04:00+00:00,1,invalid_sl
USDJPY,2025-10-19 22:00:00+00:00,-1,invalid_sl
USDJPY,2025-10-21 22:05:00+00:00,-1,invalid_sl
USDJPY,2025-10-24 18:08:00+00:00,1,position_open
USDJPY,2025-11-07 18:11:00+00:00,-1,position_open
USDJPY,2025-11-07 19:14:00+00:00,1,position_open
USDJPY,2025-11-20 22:05:00+00:00,-1,invalid_sl
USDJPY,2025-11-25 04:26:00+00:00,1,position_open
USDJPY,2025-11-25 05:59:00+00:00,-1,position_open
USDJPY,2025-11-25 06:51:00+00:00,-1,position_open
USDJPY,2025-11-28 15:49:00+00:00,1,invalid_sl
USDJPY,2025-12-07 22:59:00+00:00,-1,invalid_sl
USDJPY,2025-12-16 23:50:00+00:00,1,position_open
USDJPY,2025-12-24 08:00:00+00:00,1,invalid_sl
USDJPY,2025-12-24 20:15:00+00:00,-1,invalid_sl
USDJPY,2026-01-12 12:45:00+00:00,-1,invalid_sl
USDJPY,2026-01-16 06:28:00+00:00,1,position_open
USDJPY,2026-01-16 07:34:00+00:00,-1,position_open
USDJPY,2026-01-19 13:51:00+00:00,-1,invalid_sl
USDJPY,2026-01-22 21:59:00+00:00,1,invalid_sl
USDJPY,2026-02-02 22:03:00+00:00,-1,invalid_sl
USDJPY,2026-02-12 23:33:00+00:00,1,invalid_sl
USDJPY,2026-02-20 19:50:00+00:00,1,position_open
USDJPY,2026-02-20 20:59:00+00:00,-1,position_open
USDJPY,2026-02-24 07:05:00+00:00,-1,invalid_sl
USDJPY,2026-02-25 20:26:00+00:00,-1,invalid_sl
USDJPY,2026-03-16 22:49:00+00:00,1,invalid_sl
USDJPY,2026-03-23 21:53:00+00:00,-1,position_open
USDJPY,2026-03-24 00:23:00+00:00,1,position_open
USDJPY,2026-03-24 07:20:00+00:00,-1,position_open
USDJPY,2026-03-24 09:35:00+00:00,1,position_open
USDJPY,2026-03-24 14:59:00+00:00,-1,position_open
USDJPY,2026-03-24 16:50:00+00:00,1,position_open
USDJPY,2026-03-24 20:37:00+00:00,-1,position_open
USDJPY,2026-03-25 02:48:00+00:00,1,position_open
USDJPY,2026-03-25 08:36:00+00:00,-1,position_open
USDJPY,2026-03-25 10:36:00+00:00,1,position_open
USDJPY,2026-03-25 11:11:00+00:00,-1,position_open
USDJPY,2026-03-25 13:38:00+00:00,1,position_open
USDJPY,2026-04-14 08:56:00+00:00,-1,position_open
USDJPY,2026-04-21 20:09:00+00:00,1,invalid_sl
USDJPY,2026-04-28 22:00:00+00:00,-1,position_open
USDJPY,2026-04-28 22:47:00+00:00,-1,position_open
USDJPY,2026-05-01 13:21:00+00:00,1,position_open
USDJPY,2026-05-01 14:59:00+00:00,1,position_open
USDJPY,2026-05-03 23:15:00+00:00,-1,position_open
USDJPY,2026-05-04 01:16:00+00:00,1,position_open
USDJPY,2026-05-04 05:15:00+00:00,-1,invalid_sl
USDJPY,2026-05-11 08:05:00+00:00,1,invalid_sl
USDJPY,2026-05-14 00:54:00+00:00,-1,invalid_sl
USDJPY,2026-05-17 22:00:00+00:00,-1,invalid_sl
USDJPY,2026-05-22 04:23:00+00:00,-1,invalid_sl
USDJPY,2026-05-28 14:12:00+00:00,1,invalid_sl
USDJPY,2026-06-04 04:30:00+00:00,1,position_open
USDJPY,2026-06-05 13:01:00+00:00,1,invalid_sl
USDJPY,2026-06-12 12:57:00+00:00,1,position_open
USDJPY,2026-06-18 02:31:00+00:00,-1,invalid_sl
USDJPY,2026-06-18 22:00:00+00:00,-1,invalid_sl
USDJPY,2026-06-24 13:03:00+00:00,1,invalid_sl
USDJPY,2026-06-29 00:57:00+00:00,-1,position_open
USDJPY,2026-06-29 02:02:00+00:00,1,position_open
USDJPY,2026-06-29 04:11:00+00:00,1,position_open
USDJPY,2026-06-29 19:55:00+00:00,-1,invalid_sl
USDJPY,2026-06-30 22:00:00+00:00,-1,invalid_sl
GBPUSD,2024-01-04 16:18:00+00:00,1,invalid_sl
GBPUSD,2024-01-14 22:56:00+00:00,1,invalid_sl
GBPUSD,2024-01-15 22:02:00+00:00,-1,invalid_sl
GBPUSD,2024-02-05 21:59:00+00:00,1,invalid_sl
GBPUSD,2024-02-05 23:27:00+00:00,1,position_open
GBPUSD,2024-02-05 23:52:00+00:00,-1,position_open
GBPUSD,2024-02-09 21:30:00+00:00,1,position_open
GBPUSD,2024-02-11 22:16:00+00:00,-1,position_open
GBPUSD,2024-02-11 23:42:00+00:00,1,position_open
GBPUSD,2024-02-12 06:09:00+00:00,-1,position_open
GBPUSD,2024-02-12 07:34:00+00:00,1,position_open
GBPUSD,2024-02-22 03:51:00+00:00,-1,invalid_sl
GBPUSD,2024-02-27 21:59:00+00:00,1,invalid_sl
GBPUSD,2024-03-12 06:25:00+00:00,-1,invalid_sl
GBPUSD,2024-03-19 03:07:00+00:00,-1,invalid_sl
GBPUSD,2024-03-22 20:59:00+00:00,1,invalid_sl
GBPUSD,2024-03-28 06:58:00+00:00,-1,invalid_sl
GBPUSD,2024-03-29 01:24:00+00:00,1,invalid_sl
GBPUSD,2024-04-01 21:01:00+00:00,1,invalid_sl
GBPUSD,2024-04-08 22:45:00+00:00,1,position_open
GBPUSD,2024-04-09 01:10:00+00:00,-1,invalid_sl
GBPUSD,2024-04-12 19:18:00+00:00,-1,invalid_sl
GBPUSD,2024-04-19 06:11:00+00:00,-1,invalid_sl
GBPUSD,2024-05-03 20:54:00+00:00,1,invalid_sl
GBPUSD,2024-05-23 00:37:00+00:00,1,invalid_sl
GBPUSD,2024-05-23 23:53:00+00:00,1,invalid_sl
GBPUSD,2024-05-31 12:30:00+00:00,-1,invalid_sl
GBPUSD,2024-06-10 22:00:00+00:00,-1,invalid_sl
GBPUSD,2024-06-16 22:01:00+00:00,-1,invalid_sl
GBPUSD,2024-06-17 05:26:00+00:00,-1,invalid_sl
GBPUSD,2024-06-19 02:50:00+00:00,1,invalid_sl
GBPUSD,2024-06-24 03:45:00+00:00,1,invalid_sl
GBPUSD,2024-07-15 03:19:00+00:00,1,position_open
GBPUSD,2024-07-15 07:12:00+00:00,-1,position_open
GBPUSD,2024-07-15 07:56:00+00:00,1,position_open
GBPUSD,2024-07-19 01:00:00+00:00,-1,invalid_sl
GBPUSD,2024-08-07 06:40:00+00:00,-1,invalid_sl
GBPUSD,2024-08-08 12:30:00+00:00,1,invalid_sl
GBPUSD,2024-08-27 02:04:00+00:00,1,invalid_sl
GBPUSD,2024-09-02 17:54:00+00:00,1,invalid_sl
GBPUSD,2024-09-20 02:53:00+00:00,1,invalid_sl
GBPUSD,2024-10-10 10:55:00+00:00,-1,invalid_sl
GBPUSD,2024-10-11 14:08:00+00:00,1,invalid_sl
GBPUSD,2024-11-03 23:00:00+00:00,1,invalid_sl
GBPUSD,2024-11-05 04:38:00+00:00,1,invalid_sl
GBPUSD,2024-11-11 21:59:00+00:00,1,invalid_sl
GBPUSD,2024-11-14 13:30:00+00:00,1,invalid_sl
GBPUSD,2024-11-20 05:45:00+00:00,-1,invalid_sl
GBPUSD,2024-12-06 21:35:00+00:00,1,invalid_sl
GBPUSD,2024-12-18 07:00:00+00:00,1,invalid_sl
GBPUSD,2025-01-10 00:00:00+00:00,-1,invalid_sl
GBPUSD,2025-01-20 12:09:00+00:00,1,invalid_sl
GBPUSD,2025-01-28 21:59:00+00:00,1,invalid_sl
GBPUSD,2025-01-31 04:11:00+00:00,-1,position_open
GBPUSD,2025-01-31 05:16:00+00:00,1,position_open
GBPUSD,2025-01-31 06:52:00+00:00,1,position_open
GBPUSD,2025-01-31 08:55:00+00:00,-1,position_open
GBPUSD,2025-01-31 11:38:00+00:00,-1,position_open
GBPUSD,2025-01-31 13:18:00+00:00,1,position_open
GBPUSD,2025-01-31 13:53:00+00:00,-1,position_open
GBPUSD,2025-02-17 08:02:00+00:00,1,invalid_sl
GBPUSD,2025-02-17 15:19:00+00:00,1,invalid_sl
GBPUSD,2025-03-20 18:44:00+00:00,-1,invalid_sl
GBPUSD,2025-03-28 03:56:00+00:00,-1,invalid_sl
GBPUSD,2025-04-14 22:00:00+00:00,-1,invalid_sl
GBPUSD,2025-04-14 23:01:00+00:00,-1,position_open
GBPUSD,2025-04-16 21:50:00+00:00,1,invalid_sl
GBPUSD,2025-05-26 15:02:00+00:00,1,position_open
GBPUSD,2025-05-26 15:46:00+00:00,1,position_open
GBPUSD,2025-05-26 18:57:00+00:00,1,position_open
GBPUSD,2025-05-27 22:25:00+00:00,1,invalid_sl
GBPUSD,2025-05-30 16:12:00+00:00,-1,invalid_sl
GBPUSD,2025-06-24 20:53:00+00:00,-1,position_open
GBPUSD,2025-06-25 06:02:00+00:00,1,invalid_sl
GBPUSD,2025-07-08 05:47:00+00:00,-1,invalid_sl
GBPUSD,2025-07-22 14:34:00+00:00,1,position_open
GBPUSD,2025-07-22 14:42:00+00:00,-1,position_open
GBPUSD,2025-08-04 21:53:00+00:00,1,invalid_sl
GBPUSD,2025-08-06 22:00:00+00:00,-1,invalid_sl
GBPUSD,2025-08-11 18:16:00+00:00,1,invalid_sl
GBPUSD,2025-08-13 20:55:00+00:00,1,invalid_sl
GBPUSD,2025-08-28 05:26:00+00:00,-1,invalid_sl
GBPUSD,2025-09-11 11:38:00+00:00,1,invalid_sl
GBPUSD,2025-09-14 23:01:00+00:00,-1,invalid_sl
GBPUSD,2025-09-17 06:02:00+00:00,1,invalid_sl
GBPUSD,2025-09-23 00:13:00+00:00,-1,position_open
GBPUSD,2025-09-23 16:35:00+00:00,1,invalid_sl
GBPUSD,2025-09-23 22:00:00+00:00,-1,invalid_sl
GBPUSD,2025-09-25 21:43:00+00:00,1,invalid_sl
GBPUSD,2025-09-29 22:29:00+00:00,1,invalid_sl
GBPUSD,2025-10-03 00:01:00+00:00,1,invalid_sl
GBPUSD,2025-10-03 14:01:00+00:00,1,invalid_sl
GBPUSD,2025-10-06 02:21:00+00:00,1,position_open
GBPUSD,2025-10-06 05:47:00+00:00,-1,position_open
GBPUSD,2025-10-06 07:40:00+00:00,1,position_open
GBPUSD,2025-10-06 08:28:00+00:00,-1,position_open
GBPUSD,2025-10-06 12:58:00+00:00,1,position_open
GBPUSD,2025-10-10 00:03:00+00:00,1,invalid_sl
GBPUSD,2025-10-21 14:57:00+00:00,-1,position_open
GBPUSD,2025-10-30 22:40:00+00:00,1,position_open
GBPUSD,2025-11-07 21:52:00+00:00,-1,invalid_sl
GBPUSD,2025-11-18 21:08:00+00:00,-1,invalid_sl
GBPUSD,2025-12-01 09:54:00+00:00,1,position_open
GBPUSD,2025-12-02 05:37:00+00:00,-1,invalid_sl
GBPUSD,2025-12-02 07:23:00+00:00,1,invalid_sl
GBPUSD,2025-12-08 14:32:00+00:00,1,invalid_sl
GBPUSD,2025-12-22 21:59:00+00:00,1,invalid_sl
GBPUSD,2025-12-29 18:41:00+00:00,1,invalid_sl
GBPUSD,2025-12-30 03:57:00+00:00,1,invalid_sl
GBPUSD,2026-01-07 15:00:00+00:00,1,invalid_sl
GBPUSD,2026-01-16 07:34:00+00:00,1,invalid_sl
GBPUSD,2026-01-21 22:51:00+00:00,1,invalid_sl
GBPUSD,2026-01-28 15:55:00+00:00,-1,invalid_sl
GBPUSD,2026-01-29 20:10:00+00:00,-1,invalid_sl
GBPUSD,2026-02-26 04:31:00+00:00,-1,invalid_sl
GBPUSD,2026-03-25 02:45:00+00:00,-1,position_open
GBPUSD,2026-03-25 08:36:00+00:00,1,invalid_sl
GBPUSD,2026-04-06 21:47:00+00:00,1,position_open
GBPUSD,2026-04-07 16:02:00+00:00,-1,invalid_sl
GBPUSD,2026-04-13 03:29:00+00:00,1,position_open
GBPUSD,2026-04-21 20:09:00+00:00,-1,invalid_sl
GBPUSD,2026-04-23 14:00:00+00:00,1,invalid_sl
GBPUSD,2026-04-27 23:26:00+00:00,1,invalid_sl
GBPUSD,2026-05-11 03:49:00+00:00,1,position_open
GBPUSD,2026-05-11 04:25:00+00:00,-1,position_open
GBPUSD,2026-05-19 21:49:00+00:00,-1,invalid_sl
GBPUSD,2026-05-20 05:27:00+00:00,1,invalid_sl
GBPUSD,2026-05-24 21:04:00+00:00,-1,invalid_sl
GBPUSD,2026-05-25 23:45:00+00:00,-1,invalid_sl
GBPUSD,2026-05-27 21:15:00+00:00,-1,position_open
GBPUSD,2026-05-27 22:26:00+00:00,1,position_open
GBPUSD,2026-05-27 23:20:00+00:00,1,position_open
GBPUSD,2026-05-28 00:08:00+00:00,-1,position_open
GBPUSD,2026-05-28 21:45:00+00:00,-1,invalid_sl
GBPUSD,2026-06-02 00:06:00+00:00,1,invalid_sl
GBPUSD,2026-06-04 14:55:00+00:00,-1,invalid_sl
GBPUSD,2026-06-12 06:30:00+00:00,1,invalid_sl
GBPUSD,2026-06-15 05:26:00+00:00,1,position_open
GBPUSD,2026-06-15 06:41:00+00:00,-1,position_open
GBPUSD,2026-06-22 20:59:00+00:00,1,invalid_sl
GBPUSD,2026-06-29 05:01:00+00:00,-1,invalid_sl
AUDUSD,2024-01-24 06:33:00+00:00,1,position_open
AUDUSD,2024-02-01 00:46:00+00:00,1,position_open
AUDUSD,2024-02-01 01:40:00+00:00,-1,position_open
AUDUSD,2024-02-01 02:45:00+00:00,1,position_open
AUDUSD,2024-02-01 04:36:00+00:00,-1,position_open
AUDUSD,2024-02-05 02:15:00+00:00,1,invalid_sl
AUDUSD,2024-02-05 08:57:00+00:00,-1,invalid_sl
AUDUSD,2024-02-28 01:43:00+00:00,-1,invalid_sl
AUDUSD,2024-03-01 15:00:00+00:00,-1,invalid_sl
AUDUSD,2024-03-10 22:04:00+00:00,1,invalid_sl
AUDUSD,2024-03-11 17:07:00+00:00,1,invalid_sl
AUDUSD,2024-03-12 02:38:00+00:00,1,position_open
AUDUSD,2024-03-18 21:00:00+00:00,1,invalid_sl
AUDUSD,2024-03-29 04:00:00+00:00,-1,invalid_sl
AUDUSD,2024-04-01 21:00:00+00:00,1,invalid_sl
AUDUSD,2024-04-08 22:00:00+00:00,-1,invalid_sl
AUDUSD,2024-04-10 21:05:00+00:00,1,invalid_sl
AUDUSD,2024-04-11 12:30:00+00:00,-1,invalid_sl
AUDUSD,2024-04-26 18:34:00+00:00,1,invalid_sl
AUDUSD,2024-04-29 22:45:00+00:00,-1,position_open
AUDUSD,2024-05-27 22:50:00+00:00,-1,invalid_sl
AUDUSD,2024-05-29 04:03:00+00:00,1,position_open
AUDUSD,2024-06-13 23:06:00+00:00,-1,position_open
AUDUSD,2024-06-18 02:05:00+00:00,-1,invalid_sl
AUDUSD,2024-07-04 21:10:00+00:00,-1,invalid_sl
AUDUSD,2024-07-09 14:01:00+00:00,1,invalid_sl
AUDUSD,2024-07-10 21:30:00+00:00,1,invalid_sl
AUDUSD,2024-07-31 09:56:00+00:00,1,position_open
AUDUSD,2024-08-27 17:05:00+00:00,-1,invalid_sl
AUDUSD,2024-09-01 21:13:00+00:00,-1,invalid_sl
AUDUSD,2024-09-12 11:49:00+00:00,-1,position_open
AUDUSD,2024-09-26 22:00:00+00:00,-1,invalid_sl
AUDUSD,2024-10-04 11:16:00+00:00,-1,position_open
AUDUSD,2024-10-11 10:12:00+00:00,-1,invalid_sl
AUDUSD,2024-10-17 22:52:00+00:00,1,invalid_sl
AUDUSD,2024-10-20 21:00:00+00:00,1,invalid_sl
AUDUSD,2024-10-21 15:45:00+00:00,-1,invalid_sl
AUDUSD,2024-10-22 22:49:00+00:00,1,invalid_sl
AUDUSD,2024-11-01 04:41:00+00:00,1,invalid_sl
AUDUSD,2024-11-13 23:11:00+00:00,1,position_open
AUDUSD,2024-11-14 01:42:00+00:00,-1,position_open
AUDUSD,2024-11-17 22:57:00+00:00,1,position_open
AUDUSD,2024-11-28 23:35:00+00:00,1,position_open
AUDUSD,2025-01-02 22:57:00+00:00,1,invalid_sl
AUDUSD,2025-01-08 00:30:00+00:00,1,invalid_sl
AUDUSD,2025-01-29 06:06:00+00:00,1,position_open
AUDUSD,2025-01-29 09:22:00+00:00,-1,position_open
AUDUSD,2025-01-29 16:06:00+00:00,1,position_open
AUDUSD,2025-01-29 20:13:00+00:00,1,position_open
AUDUSD,2025-01-29 23:10:00+00:00,1,position_open
AUDUSD,2025-01-30 04:06:00+00:00,-1,position_open
AUDUSD,2025-01-30 08:27:00+00:00,1,position_open
AUDUSD,2025-01-30 12:59:00+00:00,1,position_open
AUDUSD,2025-01-30 14:11:00+00:00,1,position_open
AUDUSD,2025-01-30 18:44:00+00:00,1,position_open
AUDUSD,2025-01-31 03:01:00+00:00,1,position_open
AUDUSD,2025-01-31 09:05:00+00:00,-1,position_open
AUDUSD,2025-01-31 13:30:00+00:00,1,position_open
AUDUSD,2025-01-31 14:20:00+00:00,-1,position_open
AUDUSD,2025-01-31 15:55:00+00:00,1,position_open
AUDUSD,2025-02-07 15:53:00+00:00,1,invalid_sl
AUDUSD,2025-02-18 04:32:00+00:00,-1,invalid_sl
AUDUSD,2025-03-11 00:43:00+00:00,1,invalid_sl
AUDUSD,2025-03-21 01:21:00+00:00,-1,invalid_sl
AUDUSD,2025-03-25 04:17:00+00:00,1,invalid_sl
AUDUSD,2025-05-06 22:00:00+00:00,-1,invalid_sl
AUDUSD,2025-05-09 09:07:00+00:00,1,invalid_sl
AUDUSD,2025-05-19 05:01:00+00:00,-1,invalid_sl
AUDUSD,2025-06-03 12:36:00+00:00,-1,invalid_sl
AUDUSD,2025-06-03 23:31:00+00:00,-1,position_open
AUDUSD,2025-06-04 00:03:00+00:00,1,position_open
AUDUSD,2025-06-04 00:23:00+00:00,-1,position_open
AUDUSD,2025-06-04 01:52:00+00:00,1,position_open
AUDUSD,2025-06-09 20:38:00+00:00,-1,invalid_sl
AUDUSD,2025-07-11 10:57:00+00:00,1,invalid_sl
AUDUSD,2025-07-20 22:00:00+00:00,1,invalid_sl
AUDUSD,2025-07-21 08:53:00+00:00,1,invalid_sl
AUDUSD,2025-07-30 18:34:00+00:00,-1,invalid_sl
AUDUSD,2025-08-04 12:03:00+00:00,1,position_open
AUDUSD,2025-08-06 22:00:00+00:00,-1,invalid_sl
AUDUSD,2025-08-12 23:51:00+00:00,1,position_open
AUDUSD,2025-08-13 00:42:00+00:00,-1,position_open
AUDUSD,2025-08-15 01:33:00+00:00,-1,invalid_sl
AUDUSD,2025-08-20 22:00:00+00:00,-1,invalid_sl
AUDUSD,2025-08-20 22:31:00+00:00,1,invalid_sl
AUDUSD,2025-09-15 22:00:00+00:00,-1,invalid_sl
AUDUSD,2025-10-02 00:02:00+00:00,1,position_open
AUDUSD,2025-10-08 18:16:00+00:00,-1,invalid_sl
AUDUSD,2025-10-16 00:30:00+00:00,1,invalid_sl
AUDUSD,2025-10-16 06:40:00+00:00,1,position_open
AUDUSD,2025-10-30 00:35:00+00:00,1,position_open
AUDUSD,2025-11-05 15:00:00+00:00,1,invalid_sl
AUDUSD,2025-11-06 00:00:00+00:00,1,invalid_sl
AUDUSD,2025-11-10 14:35:00+00:00,-1,invalid_sl
AUDUSD,2025-11-20 13:30:00+00:00,-1,invalid_sl
AUDUSD,2026-01-07 19:34:00+00:00,-1,invalid_sl
AUDUSD,2026-01-29 19:30:00+00:00,1,position_open
AUDUSD,2026-02-02 02:09:00+00:00,1,position_open
AUDUSD,2026-02-02 03:48:00+00:00,-1,position_open
AUDUSD,2026-02-05 08:21:00+00:00,1,position_open
AUDUSD,2026-02-05 10:10:00+00:00,-1,position_open
AUDUSD,2026-02-05 11:30:00+00:00,1,position_open
AUDUSD,2026-02-05 12:57:00+00:00,-1,position_open
AUDUSD,2026-02-10 14:35:00+00:00,1,invalid_sl
AUDUSD,2026-03-17 22:00:00+00:00,-1,invalid_sl
AUDUSD,2026-03-24 14:36:00+00:00,1,invalid_sl
AUDUSD,2026-03-27 15:23:00+00:00,-1,invalid_sl
AUDUSD,2026-04-21 23:42:00+00:00,1,position_open
AUDUSD,2026-04-22 22:49:00+00:00,-1,position_open
AUDUSD,2026-04-24 07:04:00+00:00,-1,invalid_sl
AUDUSD,2026-05-13 23:08:00+00:00,1,invalid_sl
AUDUSD,2026-05-26 08:27:00+00:00,1,position_open
AUDUSD,2026-05-26 09:12:00+00:00,-1,position_open
AUDUSD,2026-05-26 10:36:00+00:00,1,position_open
AUDUSD,2026-06-04 05:37:00+00:00,-1,invalid_sl
AUDUSD,2026-06-19 12:50:00+00:00,-1,invalid_sl
AUDUSD,2026-06-29 00:00:00+00:00,1,invalid_sl
AUDUSD,2026-06-29 18:55:00+00:00,1,invalid_sl
NZDUSD,2024-01-03 20:20:00+00:00,1,invalid_sl
NZDUSD,2024-01-04 20:50:00+00:00,1,invalid_sl
NZDUSD,2024-01-22 14:33:00+00:00,-1,invalid_sl
NZDUSD,2024-02-09 15:10:00+00:00,1,position_open
NZDUSD,2024-02-09 18:36:00+00:00,1,position_open
NZDUSD,2024-02-11 23:38:00+00:00,-1,position_open
NZDUSD,2024-02-12 00:07:00+00:00,1,position_open
NZDUSD,2024-02-12 00:55:00+00:00,1,position_open
NZDUSD,2024-02-12 01:24:00+00:00,-1,position_open
NZDUSD,2024-02-21 00:22:00+00:00,-1,invalid_sl
NZDUSD,2024-02-27 13:30:00+00:00,-1,invalid_sl
NZDUSD,2024-03-01 07:47:00+00:00,-1,invalid_sl
NZDUSD,2024-03-01 15:00:00+00:00,-1,invalid_sl
NZDUSD,2024-03-08 06:41:00+00:00,1,position_open
NZDUSD,2024-03-11 00:00:00+00:00,1,invalid_sl
NZDUSD,2024-03-29 05:14:00+00:00,-1,invalid_sl
NZDUSD,2024-03-29 09:59:00+00:00,1,invalid_sl
NZDUSD,2024-04-08 21:41:00+00:00,1,position_open
NZDUSD,2024-04-11 12:30:00+00:00,-1,invalid_sl
NZDUSD,2024-04-18 12:47:00+00:00,-1,invalid_sl
NZDUSD,2024-04-26 09:44:00+00:00,-1,invalid_sl
NZDUSD,2024-05-27 23:24:00+00:00,1,invalid_sl
NZDUSD,2024-06-19 22:45:00+00:00,-1,invalid_sl
NZDUSD,2024-06-24 05:20:00+00:00,1,position_open
NZDUSD,2024-06-25 04:15:00+00:00,1,invalid_sl
NZDUSD,2024-07-10 21:01:00+00:00,1,invalid_sl
NZDUSD,2024-07-22 21:00:00+00:00,1,invalid_sl
NZDUSD,2024-07-31 05:44:00+00:00,-1,position_open
NZDUSD,2024-07-31 07:05:00+00:00,1,position_open
NZDUSD,2024-08-15 08:44:00+00:00,-1,invalid_sl
NZDUSD,2024-08-16 14:42:00+00:00,-1,invalid_sl
NZDUSD,2024-08-22 19:20:00+00:00,1,invalid_sl
NZDUSD,2024-09-13 09:21:00+00:00,1,invalid_sl
NZDUSD,2024-09-18 05:25:00+00:00,-1,invalid_sl
NZDUSD,2024-09-20 16:31:00+00:00,1,invalid_sl
NZDUSD,2024-09-23 03:06:00+00:00,1,position_open
NZDUSD,2024-10-06 21:58:00+00:00,1,position_open
NZDUSD,2024-11-10 23:36:00+00:00,1,position_open
NZDUSD,2024-11-13 05:53:00+00:00,1,position_open
NZDUSD,2024-11-13 07:23:00+00:00,-1,position_open
NZDUSD,2024-11-13 08:06:00+00:00,-1,position_open
NZDUSD,2024-12-12 11:05:00+00:00,-1,invalid_sl
NZDUSD,2024-12-13 21:59:00+00:00,1,invalid_sl
NZDUSD,2024-12-16 22:04:00+00:00,1,invalid_sl
NZDUSD,2024-12-19 15:42:00+00:00,-1,position_open
NZDUSD,2024-12-24 16:25:00+00:00,-1,invalid_sl
NZDUSD,2025-01-08 00:30:00+00:00,1,invalid_sl
NZDUSD,2025-01-10 00:00:00+00:00,-1,invalid_sl
NZDUSD,2025-01-23 22:05:00+00:00,-1,invalid_sl
NZDUSD,2025-01-29 05:30:00+00:00,1,position_open
NZDUSD,2025-01-29 07:59:00+00:00,-1,position_open
NZDUSD,2025-01-31 03:02:00+00:00,1,position_open
NZDUSD,2025-02-03 16:03:00+00:00,1,invalid_sl
NZDUSD,2025-02-04 02:55:00+00:00,1,position_open
NZDUSD,2025-02-04 03:11:00+00:00,-1,position_open
NZDUSD,2025-02-20 00:29:00+00:00,-1,invalid_sl
NZDUSD,2025-03-17 22:00:00+00:00,-1,invalid_sl
NZDUSD,2025-03-25 01:10:00+00:00,-1,invalid_sl
NZDUSD,2025-04-02 19:50:00+00:00,1,invalid_sl
NZDUSD,2025-04-10 21:49:00+00:00,1,invalid_sl
NZDUSD,2025-04-18 00:43:00+00:00,1,position_open
NZDUSD,2025-04-18 01:11:00+00:00,-1,position_open
NZDUSD,2025-04-21 19:53:00+00:00,-1,position_open
NZDUSD,2025-04-24 23:38:00+00:00,-1,position_open
NZDUSD,2025-05-01 12:30:00+00:00,-1,invalid_sl
NZDUSD,2025-05-08 01:24:00+00:00,1,invalid_sl
NZDUSD,2025-05-12 07:00:00+00:00,-1,position_open
NZDUSD,2025-05-27 22:25:00+00:00,1,invalid_sl
NZDUSD,2025-06-27 20:55:00+00:00,1,invalid_sl
NZDUSD,2025-07-16 07:58:00+00:00,-1,invalid_sl
NZDUSD,2025-07-16 22:00:00+00:00,-1,invalid_sl
NZDUSD,2025-08-05 11:19:00+00:00,-1,position_open
NZDUSD,2025-08-11 05:40:00+00:00,-1,invalid_sl
NZDUSD,2025-08-13 23:13:00+00:00,1,position_open
NZDUSD,2025-08-15 10:48:00+00:00,-1,invalid_sl
NZDUSD,2025-08-20 09:18:00+00:00,1,invalid_sl
NZDUSD,2025-09-03 20:44:00+00:00,1,invalid_sl
NZDUSD,2025-09-14 22:45:00+00:00,1,position_open
NZDUSD,2025-09-14 23:18:00+00:00,-1,position_open
NZDUSD,2025-09-15 00:34:00+00:00,-1,position_open
NZDUSD,2025-09-15 01:07:00+00:00,1,position_open
NZDUSD,2025-09-15 22:41:00+00:00,-1,position_open
NZDUSD,2025-09-23 22:55:00+00:00,1,position_open
NZDUSD,2025-09-24 00:19:00+00:00,-1,position_open
NZDUSD,2025-10-01 22:11:00+00:00,1,position_open
NZDUSD,2025-10-13 00:06:00+00:00,-1,position_open
NZDUSD,2025-10-13 01:28:00+00:00,1,position_open
NZDUSD,2025-10-13 04:34:00+00:00,1,position_open
NZDUSD,2025-10-13 07:07:00+00:00,-1,position_open
NZDUSD,2025-10-13 08:04:00+00:00,-1,position_open
NZDUSD,2025-10-20 20:25:00+00:00,-1,invalid_sl
NZDUSD,2025-11-03 23:45:00+00:00,-1,position_open
NZDUSD,2025-11-06 00:00:00+00:00,1,invalid_sl
NZDUSD,2025-11-10 14:35:00+00:00,-1,invalid_sl
NZDUSD,2025-11-23 23:00:00+00:00,-1,invalid_sl
NZDUSD,2025-11-25 22:52:00+00:00,1,invalid_sl
NZDUSD,2025-11-27 14:11:00+00:00,1,invalid_sl
NZDUSD,2025-12-14 23:53:00+00:00,1,position_open
NZDUSD,2025-12-15 00:31:00+00:00,-1,position_open
NZDUSD,2025-12-22 23:59:00+00:00,1,position_open
NZDUSD,2025-12-25 07:00:00+00:00,1,invalid_sl
NZDUSD,2025-12-29 22:58:00+00:00,1,position_open
NZDUSD,2026-02-02 22:30:00+00:00,-1,invalid_sl
NZDUSD,2026-02-05 08:21:00+00:00,1,position_open
NZDUSD,2026-02-05 10:08:00+00:00,-1,position_open
NZDUSD,2026-02-05 10:53:00+00:00,1,position_open
NZDUSD,2026-02-05 12:55:00+00:00,1,position_open
NZDUSD,2026-02-16 02:07:00+00:00,1,position_open
NZDUSD,2026-02-16 03:16:00+00:00,-1,position_open
NZDUSD,2026-02-16 05:35:00+00:00,1,position_open
NZDUSD,2026-02-16 12:57:00+00:00,-1,position_open
NZDUSD,2026-02-16 13:31:00+00:00,-1,position_open
NZDUSD,2026-02-16 14:55:00+00:00,-1,position_open
NZDUSD,2026-02-16 20:38:00+00:00,1,position_open
NZDUSD,2026-02-16 21:06:00+00:00,-1,position_open
NZDUSD,2026-02-16 21:45:00+00:00,-1,position_open
NZDUSD,2026-02-17 05:04:00+00:00,1,position_open
NZDUSD,2026-02-17 08:41:00+00:00,1,position_open
NZDUSD,2026-02-19 05:28:00+00:00,-1,invalid_sl
NZDUSD,2026-03-03 22:58:00+00:00,-1,invalid_sl
NZDUSD,2026-03-09 02:52:00+00:00,1,position_open
NZDUSD,2026-03-10 00:32:00+00:00,1,position_open
NZDUSD,2026-04-01 18:40:00+00:00,-1,invalid_sl
NZDUSD,2026-04-02 19:23:00+00:00,-1,invalid_sl
NZDUSD,2026-04-16 22:17:00+00:00,1,position_open
NZDUSD,2026-04-20 06:30:00+00:00,-1,invalid_sl
NZDUSD,2026-04-21 07:04:00+00:00,1,invalid_sl
NZDUSD,2026-04-28 20:50:00+00:00,1,invalid_sl
NZDUSD,2026-05-05 19:00:00+00:00,-1,invalid_sl
NZDUSD,2026-05-11 12:47:00+00:00,1,invalid_sl
NZDUSD,2026-05-21 16:32:00+00:00,1,position_open
NZDUSD,2026-06-01 07:55:00+00:00,-1,position_open
NZDUSD,2026-06-02 22:36:00+00:00,1,position_open
NZDUSD,2026-06-02 23:50:00+00:00,-1,position_open
NZDUSD,2026-06-21 21:33:00+00:00,-1,invalid_sl
NZDUSD,2026-06-22 12:03:00+00:00,-1,invalid_sl
USDCAD,2024-01-05 10:30:00+00:00,1,invalid_sl
USDCAD,2024-01-08 07:19:00+00:00,-1,invalid_sl
USDCAD,2024-01-16 23:39:00+00:00,-1,invalid_sl
USDCAD,2024-01-17 13:30:00+00:00,-1,invalid_sl
USDCAD,2024-01-25 03:24:00+00:00,-1,invalid_sl
USDCAD,2024-02-02 21:59:00+00:00,1,invalid_sl
USDCAD,2024-02-04 22:52:00+00:00,-1,invalid_sl
USDCAD,2024-02-25 23:00:00+00:00,-1,invalid_sl
USDCAD,2024-02-27 01:31:00+00:00,1,invalid_sl
USDCAD,2024-03-05 00:55:00+00:00,-1,invalid_sl
USDCAD,2024-03-13 01:11:00+00:00,-1,invalid_sl
USDCAD,2024-03-13 22:32:00+00:00,1,invalid_sl
USDCAD,2024-03-24 23:07:00+00:00,1,invalid_sl
USDCAD,2024-03-28 06:58:00+00:00,1,invalid_sl
USDCAD,2024-04-01 03:30:00+00:00,1,position_open
USDCAD,2024-04-01 04:44:00+00:00,1,position_open
USDCAD,2024-04-01 08:18:00+00:00,1,position_open
USDCAD,2024-04-01 09:43:00+00:00,-1,position_open
USDCAD,2024-04-01 11:00:00+00:00,1,invalid_sl
USDCAD,2024-04-08 05:30:00+00:00,-1,invalid_sl
USDCAD,2024-04-09 20:21:00+00:00,-1,invalid_sl
USDCAD,2024-04-30 12:30:00+00:00,-1,invalid_sl
USDCAD,2024-05-02 12:30:00+00:00,-1,invalid_sl
USDCAD,2024-05-12 21:54:00+00:00,-1,invalid_sl
USDCAD,2024-05-16 23:49:00+00:00,-1,position_open
USDCAD,2024-05-22 03:55:00+00:00,1,invalid_sl
USDCAD,2024-05-27 04:11:00+00:00,1,position_open
USDCAD,2024-06-14 05:08:00+00:00,1,invalid_sl
USDCAD,2024-06-21 01:01:00+00:00,1,position_open
USDCAD,2024-06-21 02:16:00+00:00,-1,position_open
USDCAD,2024-06-26 21:57:00+00:00,1,invalid_sl
USDCAD,2024-07-26 11:35:00+00:00,1,invalid_sl
USDCAD,2024-07-28 22:30:00+00:00,-1,position_open
USDCAD,2024-07-30 19:23:00+00:00,1,invalid_sl
USDCAD,2024-07-31 18:00:00+00:00,-1,invalid_sl
USDCAD,2024-08-05 04:50:00+00:00,1,invalid_sl
USDCAD,2024-08-21 22:02:00+00:00,1,invalid_sl
USDCAD,2024-08-22 03:58:00+00:00,1,position_open
USDCAD,2024-08-28 01:30:00+00:00,1,invalid_sl
USDCAD,2024-08-28 11:41:00+00:00,1,position_open
USDCAD,2024-09-05 10:49:00+00:00,1,invalid_sl
USDCAD,2024-09-06 13:30:00+00:00,1,invalid_sl
USDCAD,2024-09-13 20:54:00+00:00,-1,invalid_sl
USDCAD,2024-09-23 21:01:00+00:00,1,invalid_sl
USDCAD,2024-10-23 23:08:00+00:00,1,position_open
USDCAD,2024-10-23 23:41:00+00:00,-1,position_open
USDCAD,2024-10-25 11:51:00+00:00,-1,position_open
USDCAD,2024-10-31 12:30:00+00:00,-1,invalid_sl
USDCAD,2024-11-11 23:42:00+00:00,1,position_open
USDCAD,2024-11-18 13:47:00+00:00,-1,invalid_sl
USDCAD,2024-11-26 06:45:00+00:00,-1,position_open
USDCAD,2024-11-26 07:43:00+00:00,1,position_open
USDCAD,2024-11-26 09:51:00+00:00,-1,position_open
USDCAD,2024-11-29 00:01:00+00:00,-1,invalid_sl
USDCAD,2024-12-20 06:10:00+00:00,-1,invalid_sl
USDCAD,2025-01-15 02:25:00+00:00,1,invalid_sl
USDCAD,2025-01-15 19:11:00+00:00,-1,invalid_sl
USDCAD,2025-01-31 02:48:00+00:00,-1,position_open
USDCAD,2025-01-31 09:35:00+00:00,1,position_open
USDCAD,2025-01-31 14:26:00+00:00,1,position_open
USDCAD,2025-01-31 16:25:00+00:00,-1,position_open
USDCAD,2025-02-14 20:33:00+00:00,1,position_open
USDCAD,2025-03-03 18:48:00+00:00,1,invalid_sl
USDCAD,2025-03-06 20:50:00+00:00,1,position_open
USDCAD,2025-03-06 22:49:00+00:00,1,position_open
USDCAD,2025-03-06 23:21:00+00:00,-1,position_open
USDCAD,2025-03-07 02:10:00+00:00,1,position_open
USDCAD,2025-03-07 03:26:00+00:00,1,position_open
USDCAD,2025-03-10 22:00:00+00:00,-1,invalid_sl
USDCAD,2025-03-23 22:21:00+00:00,-1,invalid_sl
USDCAD,2025-03-24 20:59:00+00:00,1,invalid_sl
USDCAD,2025-03-25 20:30:00+00:00,-1,invalid_sl
USDCAD,2025-04-09 11:25:00+00:00,1,invalid_sl
USDCAD,2025-04-24 19:10:00+00:00,-1,invalid_sl
USDCAD,2025-05-04 21:27:00+00:00,-1,invalid_sl
USDCAD,2025-05-05 03:00:00+00:00,-1,invalid_sl
USDCAD,2025-05-19 23:16:00+00:00,1,position_open
USDCAD,2025-05-26 22:01:00+00:00,-1,invalid_sl
USDCAD,2025-05-29 22:57:00+00:00,1,position_open
USDCAD,2025-06-02 22:19:00+00:00,1,invalid_sl
USDCAD,2025-06-05 07:24:00+00:00,-1,invalid_sl
USDCAD,2025-06-09 21:00:00+00:00,1,invalid_sl
USDCAD,2025-06-27 07:15:00+00:00,-1,invalid_sl
USDCAD,2025-07-11 07:46:00+00:00,-1,position_open
USDCAD,2025-07-11 08:53:00+00:00,1,position_open
USDCAD,2025-07-11 10:47:00+00:00,-1,position_open
USDCAD,2025-07-11 15:53:00+00:00,-1,invalid_sl
USDCAD,2025-07-15 22:00:00+00:00,-1,invalid_sl
USDCAD,2025-07-16 04:04:00+00:00,1,invalid_sl
USDCAD,2025-07-31 16:34:00+00:00,1,invalid_sl
USDCAD,2025-08-04 21:59:00+00:00,1,invalid_sl
USDCAD,2025-08-07 10:19:00+00:00,1,invalid_sl
USDCAD,2025-08-25 05:55:00+00:00,-1,invalid_sl
USDCAD,2025-09-03 21:40:00+00:00,-1,invalid_sl
USDCAD,2025-09-05 20:59:00+00:00,-1,invalid_sl
USDCAD,2025-09-17 12:30:00+00:00,1,invalid_sl
USDCAD,2025-09-21 21:29:00+00:00,-1,invalid_sl
USDCAD,2025-09-24 20:42:00+00:00,-1,invalid_sl
USDCAD,2025-09-28 23:00:00+00:00,1,invalid_sl
USDCAD,2025-10-03 01:06:00+00:00,-1,invalid_sl
USDCAD,2025-10-03 20:52:00+00:00,1,invalid_sl
USDCAD,2025-10-07 21:28:00+00:00,-1,invalid_sl
USDCAD,2025-10-13 21:59:00+00:00,-1,invalid_sl
USDCAD,2025-10-22 23:41:00+00:00,-1,position_open
USDCAD,2025-10-23 00:30:00+00:00,1,position_open
USDCAD,2025-10-30 00:34:00+00:00,-1,position_open
USDCAD,2025-10-30 04:23:00+00:00,-1,position_open
USDCAD,2025-10-30 07:11:00+00:00,1,position_open
USDCAD,2025-10-30 21:56:00+00:00,-1,position_open
USDCAD,2025-11-05 15:00:00+00:00,-1,invalid_sl
USDCAD,2025-11-19 07:03:00+00:00,1,invalid_sl
USDCAD,2025-12-03 21:23:00+00:00,1,invalid_sl
USDCAD,2025-12-03 23:22:00+00:00,1,invalid_sl
USDCAD,2025-12-17 22:00:00+00:00,1,invalid_sl
USDCAD,2025-12-24 20:45:00+00:00,1,invalid_sl
USDCAD,2026-01-15 13:30:00+00:00,-1,invalid_sl
USDCAD,2026-01-28 00:30:00+00:00,1,invalid_sl
USDCAD,2026-02-04 19:54:00+00:00,-1,invalid_sl
USDCAD,2026-02-05 17:47:00+00:00,-1,position_open
USDCAD,2026-02-17 07:00:00+00:00,-1,invalid_sl
USDCAD,2026-02-23 23:38:00+00:00,1,invalid_sl
USDCAD,2026-03-05 02:39:00+00:00,1,position_open
USDCAD,2026-03-13 12:30:00+00:00,-1,invalid_sl
USDCAD,2026-03-25 21:26:00+00:00,-1,invalid_sl
USDCAD,2026-03-25 23:28:00+00:00,1,invalid_sl
USDCAD,2026-04-02 20:59:00+00:00,1,invalid_sl
USDCAD,2026-04-15 07:53:00+00:00,-1,invalid_sl
USDCAD,2026-04-29 15:53:00+00:00,-1,invalid_sl
USDCAD,2026-05-04 17:58:00+00:00,-1,position_open
USDCAD,2026-05-20 14:15:00+00:00,1,invalid_sl
USDCAD,2026-05-27 16:29:00+00:00,-1,position_open
USDCAD,2026-05-27 17:46:00+00:00,-1,position_open
USDCAD,2026-05-27 18:51:00+00:00,1,position_open
USDCAD,2026-05-27 19:56:00+00:00,1,position_open
USDCAD,2026-06-08 23:12:00+00:00,1,position_open
USDCAD,2026-06-15 01:48:00+00:00,1,position_open
USDCAD,2026-06-15 03:55:00+00:00,-1,position_open
USDCAD,2026-06-23 22:00:00+00:00,-1,invalid_sl
USDCAD,2026-06-24 23:38:00+00:00,1,position_open
USDCAD,2026-06-25 22:54:00+00:00,1,invalid_sl
USDCHF,2024-01-04 07:19:00+00:00,-1,invalid_sl
USDCHF,2024-01-16 13:30:00+00:00,1,invalid_sl
USDCHF,2024-01-26 00:39:00+00:00,1,invalid_sl
USDCHF,2024-01-29 00:16:00+00:00,1,invalid_sl
USDCHF,2024-02-02 21:59:00+00:00,1,invalid_sl
USDCHF,2024-02-05 07:34:00+00:00,1,invalid_sl
USDCHF,2024-02-09 02:29:00+00:00,-1,position_open
USDCHF,2024-02-09 04:19:00+00:00,1,invalid_sl
USDCHF,2024-02-09 18:16:00+00:00,-1,position_open
USDCHF,2024-02-09 20:09:00+00:00,1,position_open
USDCHF,2024-02-11 22:21:00+00:00,-1,position_open
USDCHF,2024-02-12 04:40:00+00:00,1,position_open
USDCHF,2024-02-12 07:35:00+00:00,-1,position_open
USDCHF,2024-02-14 00:57:00+00:00,-1,invalid_sl
USDCHF,2024-02-14 12:22:00+00:00,-1,invalid_sl
USDCHF,2024-02-14 22:01:00+00:00,1,invalid_sl
USDCHF,2024-02-16 11:15:00+00:00,-1,position_open
USDCHF,2024-02-18 23:08:00+00:00,-1,position_open
USDCHF,2024-02-19 02:47:00+00:00,1,position_open
USDCHF,2024-02-19 08:06:00+00:00,1,invalid_sl
USDCHF,2024-03-06 22:04:00+00:00,1,invalid_sl
USDCHF,2024-03-14 01:32:00+00:00,-1,invalid_sl
USDCHF,2024-03-18 21:46:00+00:00,1,invalid_sl
USDCHF,2024-03-27 01:20:00+00:00,-1,invalid_sl
USDCHF,2024-03-29 01:10:00+00:00,-1,position_open
USDCHF,2024-03-29 01:52:00+00:00,1,position_open
USDCHF,2024-04-16 21:57:00+00:00,-1,invalid_sl
USDCHF,2024-04-23 13:45:00+00:00,1,invalid_sl
USDCHF,2024-04-26 12:25:00+00:00,1,invalid_sl
USDCHF,2024-05-06 10:07:00+00:00,1,invalid_sl
USDCHF,2024-05-12 21:54:00+00:00,1,invalid_sl
USDCHF,2024-05-14 00:00:00+00:00,-1,invalid_sl
USDCHF,2024-05-21 12:32:00+00:00,1,invalid_sl
USDCHF,2024-05-26 23:23:00+00:00,1,invalid_sl
USDCHF,2024-05-29 15:15:00+00:00,1,invalid_sl
USDCHF,2024-06-03 21:57:00+00:00,-1,invalid_sl
USDCHF,2024-06-10 23:09:00+00:00,1,invalid_sl
USDCHF,2024-06-19 09:02:00+00:00,1,position_open
USDCHF,2024-06-25 00:00:00+00:00,1,invalid_sl
USDCHF,2024-07-04 19:11:00+00:00,1,invalid_sl
USDCHF,2024-07-19 10:28:00+00:00,1,invalid_sl
USDCHF,2024-07-22 23:37:00+00:00,1,position_open
USDCHF,2024-07-23 00:51:00+00:00,1,position_open
USDCHF,2024-07-23 02:11:00+00:00,-1,position_open
USDCHF,2024-07-23 02:49:00+00:00,-1,position_open
USDCHF,2024-07-24 22:00:00+00:00,-1,invalid_sl
USDCHF,2024-08-02 03:32:00+00:00,-1,position_open
USDCHF,2024-08-06 12:09:00+00:00,-1,position_open
USDCHF,2024-08-12 00:53:00+00:00,1,position_open
USDCHF,2024-08-12 01:36:00+00:00,-1,position_open
USDCHF,2024-08-12 02:05:00+00:00,1,position_open
USDCHF,2024-08-14 05:30:00+00:00,-1,position_open
USDCHF,2024-08-21 23:29:00+00:00,-1,position_open
USDCHF,2024-08-22 00:10:00+00:00,-1,position_open
USDCHF,2024-08-22 00:50:00+00:00,1,position_open
USDCHF,2024-09-03 06:30:00+00:00,-1,invalid_sl
USDCHF,2024-10-01 21:01:00+00:00,1,invalid_sl
USDCHF,2024-10-13 21:40:00+00:00,-1,invalid_sl
USDCHF,2024-10-18 11:18:00+00:00,1,invalid_sl
USDCHF,2024-10-31 17:52:00+00:00,1,position_open
USDCHF,2024-11-18 02:00:00+00:00,-1,position_open
USDCHF,2024-11-19 18:34:00+00:00,1,invalid_sl
USDCHF,2024-11-25 05:09:00+00:00,1,position_open
USDCHF,2024-11-25 10:03:00+00:00,-1,position_open
USDCHF,2024-12-08 23:00:00+00:00,-1,invalid_sl
USDCHF,2024-12-12 02:44:00+00:00,1,position_open
USDCHF,2024-12-19 21:59:00+00:00,1,invalid_sl
USDCHF,2024-12-20 06:09:00+00:00,-1,invalid_sl
USDCHF,2025-01-23 00:28:00+00:00,-1,position_open
USDCHF,2025-01-23 04:45:00+00:00,-1,position_open
USDCHF,2025-01-23 05:52:00+00:00,1,position_open
USDCHF,2025-01-23 06:31:00+00:00,-1,position_open
USDCHF,2025-01-23 23:00:00+00:00,1,position_open
USDCHF,2025-02-12 21:54:00+00:00,1,invalid_sl
USDCHF,2025-02-25 22:00:00+00:00,1,invalid_sl
USDCHF,2025-03-05 22:57:00+00:00,-1,invalid_sl
USDCHF,2025-03-26 21:18:00+00:00,-1,invalid_sl
USDCHF,2025-03-28 20:50:00+00:00,-1,invalid_sl
USDCHF,2025-04-01 21:47:00+00:00,1,invalid_sl
USDCHF,2025-04-01 23:00:00+00:00,1,position_open
USDCHF,2025-04-02 00:48:00+00:00,1,position_open
USDCHF,2025-04-04 00:59:00+00:00,-1,position_open
USDCHF,2025-04-04 07:20:00+00:00,-1,position_open
USDCHF,2025-04-04 08:05:00+00:00,1,position_open
USDCHF,2025-04-04 08:44:00+00:00,1,position_open
USDCHF,2025-05-07 05:27:00+00:00,-1,position_open
USDCHF,2025-05-08 22:00:00+00:00,-1,invalid_sl
USDCHF,2025-05-19 02:32:00+00:00,-1,position_open
USDCHF,2025-05-19 03:32:00+00:00,1,position_open
USDCHF,2025-05-19 06:38:00+00:00,-1,position_open
USDCHF,2025-05-21 15:03:00+00:00,-1,invalid_sl
USDCHF,2025-05-26 19:53:00+00:00,1,invalid_sl
USDCHF,2025-05-26 21:58:00+00:00,1,invalid_sl
USDCHF,2025-05-28 00:40:00+00:00,-1,position_open
USDCHF,2025-07-02 23:02:00+00:00,1,position_open
USDCHF,2025-07-03 00:25:00+00:00,-1,position_open
USDCHF,2025-07-03 03:45:00+00:00,1,position_open
USDCHF,2025-08-13 22:35:00+00:00,1,position_open
USDCHF,2025-08-13 23:43:00+00:00,-1,position_open
USDCHF,2025-08-14 02:38:00+00:00,1,position_open
USDCHF,2025-08-18 20:59:00+00:00,1,invalid_sl
USDCHF,2025-08-21 23:24:00+00:00,1,position_open
USDCHF,2025-09-10 12:30:00+00:00,1,invalid_sl
USDCHF,2025-09-14 23:01:00+00:00,1,position_open
USDCHF,2025-09-15 04:31:00+00:00,-1,position_open
USDCHF,2025-09-23 16:35:00+00:00,-1,invalid_sl
USDCHF,2025-09-25 01:54:00+00:00,1,position_open
USDCHF,2025-09-25 02:38:00+00:00,-1,position_open
USDCHF,2025-09-25 03:17:00+00:00,1,position_open
USDCHF,2025-09-25 04:42:00+00:00,-1,position_open
USDCHF,2025-09-29 13:42:00+00:00,1,invalid_sl
USDCHF,2025-10-08 09:06:00+00:00,1,invalid_sl
USDCHF,2025-10-09 07:00:00+00:00,1,invalid_sl
USDCHF,2025-10-14 02:51:00+00:00,1,position_open
USDCHF,2025-10-14 23:07:00+00:00,1,position_open
USDCHF,2025-10-15 01:38:00+00:00,-1,position_open
USDCHF,2025-10-19 21:57:00+00:00,1,invalid_sl
USDCHF,2025-10-21 22:00:00+00:00,-1,invalid_sl
USDCHF,2025-11-17 00:21:00+00:00,1,invalid_sl
USDCHF,2025-12-04 13:24:00+00:00,1,position_open
USDCHF,2025-12-05 01:26:00+00:00,-1,invalid_sl
USDCHF,2025-12-16 05:06:00+00:00,1,position_open
USDCHF,2025-12-29 02:56:00+00:00,1,position_open
USDCHF,2026-01-05 01:42:00+00:00,1,position_open
USDCHF,2026-01-07 00:00:00+00:00,1,invalid_sl
USDCHF,2026-01-14 03:58:00+00:00,-1,invalid_sl
USDCHF,2026-01-26 05:36:00+00:00,-1,position_open
USDCHF,2026-01-28 14:50:00+00:00,-1,position_open
USDCHF,2026-02-22 22:04:00+00:00,1,invalid_sl
USDCHF,2026-02-23 05:30:00+00:00,1,position_open
USDCHF,2026-02-23 06:32:00+00:00,-1,position_open
USDCHF,2026-02-23 07:08:00+00:00,1,position_open
USDCHF,2026-03-01 23:00:00+00:00,-1,invalid_sl
USDCHF,2026-03-17 23:25:00+00:00,-1,invalid_sl
USDCHF,2026-03-18 11:26:00+00:00,-1,invalid_sl
USDCHF,2026-03-27 15:23:00+00:00,1,invalid_sl
USDCHF,2026-04-21 23:11:00+00:00,1,position_open
USDCHF,2026-04-22 00:24:00+00:00,-1,position_open
USDCHF,2026-04-22 02:16:00+00:00,-1,position_open
USDCHF,2026-04-22 04:41:00+00:00,1,position_open
USDCHF,2026-04-22 05:33:00+00:00,-1,position_open
USDCHF,2026-04-29 15:53:00+00:00,-1,invalid_sl
USDCHF,2026-05-03 23:39:00+00:00,-1,position_open
USDCHF,2026-05-03 23:53:00+00:00,1,position_open
USDCHF,2026-05-04 03:45:00+00:00,1,invalid_sl
USDCHF,2026-05-07 11:58:00+00:00,1,position_open
USDCHF,2026-05-07 12:22:00+00:00,-1,position_open
USDCHF,2026-05-13 01:57:00+00:00,-1,position_open
USDCHF,2026-05-13 04:43:00+00:00,1,position_open
USDCHF,2026-05-13 06:26:00+00:00,1,position_open
USDCHF,2026-05-18 19:01:00+00:00,1,invalid_sl
USDCHF,2026-05-21 23:47:00+00:00,1,invalid_sl
USDCHF,2026-05-27 02:00:00+00:00,1,invalid_sl
USDCHF,2026-06-03 21:45:00+00:00,-1,invalid_sl
USDCHF,2026-06-04 16:38:00+00:00,1,position_open
USDCHF,2026-06-05 03:09:00+00:00,1,position_open
USDCHF,2026-06-05 04:27:00+00:00,-1,invalid_sl
USDCHF,2026-06-15 16:11:00+00:00,1,invalid_sl
USDCHF,2026-06-16 22:56:00+00:00,-1,position_open
USDCHF,2026-06-19 12:50:00+00:00,1,invalid_sl
USDCHF,2026-06-19 18:52:00+00:00,-1,invalid_sl
USDCHF,2026-06-25 20:59:00+00:00,1,invalid_sl
USDCHF,2026-06-30 23:03:00+00:00,1,position_open
EURJPY,2024-01-16 09:00:00+00:00,1,invalid_sl
EURJPY,2024-01-17 12:49:00+00:00,-1,invalid_sl
EURJPY,2024-01-21 22:04:00+00:00,1,invalid_sl
EURJPY,2024-01-25 13:16:00+00:00,1,invalid_sl
EURJPY,2024-01-25 23:30:00+00:00,-1,invalid_sl
EURJPY,2024-01-31 22:04:00+00:00,1,invalid_sl
EURJPY,2024-02-23 20:24:00+00:00,1,invalid_sl
EURJPY,2024-03-08 03:04:00+00:00,1,position_open
EURJPY,2024-03-12 18:02:00+00:00,1,position_open
EURJPY,2024-03-12 20:09:00+00:00,1,position_open
EURJPY,2024-03-12 22:18:00+00:00,-1,position_open
EURJPY,2024-03-12 23:11:00+00:00,-1,position_open
EURJPY,2024-03-13 00:29:00+00:00,-1,position_open
EURJPY,2024-03-14 20:12:00+00:00,1,invalid_sl
EURJPY,2024-03-22 20:59:00+00:00,1,invalid_sl
EURJPY,2024-04-29 22:43:00+00:00,-1,position_open
EURJPY,2024-04-29 22:59:00+00:00,1,position_open
EURJPY,2024-05-01 20:10:00+00:00,1,invalid_sl
EURJPY,2024-05-03 16:57:00+00:00,1,position_open
EURJPY,2024-05-10 05:31:00+00:00,-1,invalid_sl
EURJPY,2024-05-17 14:10:00+00:00,1,invalid_sl
EURJPY,2024-05-21 21:39:00+00:00,-1,invalid_sl
EURJPY,2024-06-17 01:52:00+00:00,1,position_open
EURJPY,2024-06-17 03:16:00+00:00,-1,position_open
EURJPY,2024-06-18 20:59:00+00:00,1,invalid_sl
EURJPY,2024-06-25 09:06:00+00:00,1,position_open
EURJPY,2024-06-25 10:17:00+00:00,-1,position_open
EURJPY,2024-07-03 18:59:00+00:00,1,invalid_sl
EURJPY,2024-07-03 22:00:00+00:00,-1,invalid_sl
EURJPY,2024-07-04 05:43:00+00:00,1,position_open
EURJPY,2024-07-04 06:30:00+00:00,-1,position_open
EURJPY,2024-07-04 07:36:00+00:00,1,position_open
EURJPY,2024-07-04 08:17:00+00:00,-1,position_open
EURJPY,2024-07-04 08:44:00+00:00,1,position_open
EURJPY,2024-07-04 09:33:00+00:00,-1,position_open
EURJPY,2024-07-09 22:21:00+00:00,1,invalid_sl
EURJPY,2024-07-10 22:00:00+00:00,-1,invalid_sl
EURJPY,2024-07-11 19:21:00+00:00,1,position_open
EURJPY,2024-07-14 23:05:00+00:00,1,invalid_sl
EURJPY,2024-07-15 08:20:00+00:00,1,invalid_sl
EURJPY,2024-07-16 23:02:00+00:00,1,invalid_sl
EURJPY,2024-07-18 08:57:00+00:00,1,invalid_sl
EURJPY,2024-07-19 20:57:00+00:00,1,invalid_sl
EURJPY,2024-07-21 22:00:00+00:00,-1,invalid_sl
EURJPY,2024-07-29 16:25:00+00:00,1,position_open
EURJPY,2024-08-14 12:28:00+00:00,1,invalid_sl
EURJPY,2024-08-15 00:50:00+00:00,1,invalid_sl
EURJPY,2024-08-21 20:59:00+00:00,1,invalid_sl
EURJPY,2024-08-22 20:59:00+00:00,1,invalid_sl
EURJPY,2024-08-27 18:57:00+00:00,-1,invalid_sl
EURJPY,2024-09-02 19:55:00+00:00,1,invalid_sl
EURJPY,2024-09-12 09:08:00+00:00,-1,invalid_sl
EURJPY,2024-09-13 13:13:00+00:00,-1,position_open
EURJPY,2024-10-23 21:04:00+00:00,1,invalid_sl
EURJPY,2024-10-29 21:57:00+00:00,1,invalid_sl
EURJPY,2024-10-31 21:00:00+00:00,1,invalid_sl
EURJPY,2024-11-04 19:47:00+00:00,-1,position_open
EURJPY,2024-11-05 18:38:00+00:00,-1,invalid_sl
EURJPY,2024-11-07 23:35:00+00:00,1,invalid_sl
EURJPY,2024-11-11 23:59:00+00:00,-1,invalid_sl
EURJPY,2024-11-21 05:10:00+00:00,1,invalid_sl
EURJPY,2024-12-23 23:00:00+00:00,-1,invalid_sl
EURJPY,2024-12-25 03:57:00+00:00,-1,invalid_sl
EURJPY,2025-01-10 21:43:00+00:00,1,position_open
EURJPY,2025-01-28 21:04:00+00:00,-1,position_open
EURJPY,2025-02-13 20:34:00+00:00,1,position_open
EURJPY,2025-02-18 08:35:00+00:00,1,position_open
EURJPY,2025-02-20 22:53:00+00:00,1,invalid_sl
EURJPY,2025-02-27 19:00:00+00:00,1,invalid_sl
EURJPY,2025-03-05 14:05:00+00:00,-1,invalid_sl
EURJPY,2025-04-17 05:33:00+00:00,-1,position_open
EURJPY,2025-04-17 06:19:00+00:00,1,position_open
EURJPY,2025-05-02 05:46:00+00:00,-1,invalid_sl
EURJPY,2025-05-22 13:33:00+00:00,1,invalid_sl
EURJPY,2025-05-26 22:01:00+00:00,-1,invalid_sl
EURJPY,2025-05-28 03:35:00+00:00,1,invalid_sl
EURJPY,2025-06-03 22:35:00+00:00,1,position_open
EURJPY,2025-06-03 23:08:00+00:00,-1,position_open
EURJPY,2025-06-18 20:59:00+00:00,1,invalid_sl
EURJPY,2025-06-25 23:00:00+00:00,1,invalid_sl
EURJPY,2025-07-08 22:43:00+00:00,1,invalid_sl
EURJPY,2025-07-14 03:50:00+00:00,1,invalid_sl
EURJPY,2025-07-22 10:37:00+00:00,-1,invalid_sl
EURJPY,2025-08-06 02:20:00+00:00,1,invalid_sl
EURJPY,2025-08-28 21:40:00+00:00,-1,invalid_sl
EURJPY,2025-09-04 20:36:00+00:00,1,invalid_sl
EURJPY,2025-09-08 21:46:00+00:00,1,invalid_sl
EURJPY,2025-09-23 22:00:00+00:00,-1,invalid_sl
EURJPY,2025-10-09 20:59:00+00:00,1,invalid_sl
EURJPY,2025-10-09 22:00:00+00:00,1,invalid_sl
EURJPY,2025-11-25 21:37:00+00:00,1,invalid_sl
EURJPY,2025-12-02 00:00:00+00:00,1,invalid_sl
EURJPY,2025-12-03 04:31:00+00:00,1,invalid_sl
EURJPY,2025-12-24 23:54:00+00:00,1,invalid_sl
EURJPY,2026-01-02 18:00:00+00:00,-1,position_open
EURJPY,2026-01-08 01:27:00+00:00,-1,invalid_sl
EURJPY,2026-01-08 20:38:00+00:00,-1,invalid_sl
EURJPY,2026-01-19 22:54:00+00:00,1,invalid_sl
EURJPY,2026-01-22 03:30:00+00:00,1,invalid_sl
EURJPY,2026-01-27 15:20:00+00:00,1,position_open
EURJPY,2026-01-27 18:12:00+00:00,-1,position_open
EURJPY,2026-01-28 03:36:00+00:00,-1,position_open
EURJPY,2026-02-17 13:17:00+00:00,-1,invalid_sl
EURJPY,2026-02-17 22:04:00+00:00,1,invalid_sl
EURJPY,2026-02-24 07:05:00+00:00,-1,invalid_sl
EURJPY,2026-03-04 00:54:00+00:00,-1,invalid_sl
EURJPY,2026-03-26 20:11:00+00:00,-1,invalid_sl
EURJPY,2026-04-07 22:00:00+00:00,-1,invalid_sl
EURJPY,2026-04-17 07:23:00+00:00,-1,invalid_sl
EURJPY,2026-04-23 22:53:00+00:00,1,position_open
EURJPY,2026-04-26 22:50:00+00:00,1,position_open
EURJPY,2026-04-28 22:00:00+00:00,-1,invalid_sl
EURJPY,2026-04-29 20:59:00+00:00,1,invalid_sl
EURJPY,2026-05-01 12:27:00+00:00,1,position_open
EURJPY,2026-05-20 22:00:00+00:00,-1,invalid_sl
EURJPY,2026-05-25 23:17:00+00:00,1,position_open
EURJPY,2026-05-26 22:00:00+00:00,-1,invalid_sl
EURJPY,2026-06-02 23:44:00+00:00,-1,position_open
EURJPY,2026-06-03 01:00:00+00:00,1,position_open
EURJPY,2026-06-03 02:01:00+00:00,-1,position_open
EURJPY,2026-06-11 18:32:00+00:00,1,invalid_sl
EURJPY,2026-06-12 20:25:00+00:00,-1,invalid_sl
EURJPY,2026-06-22 22:01:00+00:00,-1,invalid_sl
EURJPY,2026-06-23 20:59:00+00:00,1,invalid_sl
EURJPY,2026-06-30 22:00:00+00:00,-1,invalid_sl
GBPJPY,2024-01-30 23:00:00+00:00,1,invalid_sl
GBPJPY,2024-01-31 21:59:00+00:00,1,invalid_sl
GBPJPY,2024-02-06 22:23:00+00:00,-1,position_open
GBPJPY,2024-02-07 00:10:00+00:00,1,position_open
GBPJPY,2024-02-07 01:15:00+00:00,1,position_open
GBPJPY,2024-02-14 13:17:00+00:00,1,position_open
GBPJPY,2024-02-14 15:54:00+00:00,-1,position_open
GBPJPY,2024-02-14 17:53:00+00:00,-1,position_open
GBPJPY,2024-02-14 19:52:00+00:00,1,position_open
GBPJPY,2024-02-14 22:47:00+00:00,-1,position_open
GBPJPY,2024-02-15 00:01:00+00:00,1,position_open
GBPJPY,2024-02-15 00:45:00+00:00,-1,position_open
GBPJPY,2024-03-05 06:00:00+00:00,-1,position_open
GBPJPY,2024-03-12 12:29:00+00:00,1,invalid_sl
GBPJPY,2024-03-18 22:35:00+00:00,1,position_open
GBPJPY,2024-03-19 11:52:00+00:00,1,invalid_sl
GBPJPY,2024-03-26 18:25:00+00:00,1,invalid_sl
GBPJPY,2024-04-01 02:13:00+00:00,-1,invalid_sl
GBPJPY,2024-04-07 22:00:00+00:00,-1,invalid_sl
GBPJPY,2024-04-10 21:04:00+00:00,1,invalid_sl
GBPJPY,2024-04-15 15:59:00+00:00,1,position_open
GBPJPY,2024-04-15 17:06:00+00:00,-1,position_open
GBPJPY,2024-04-16 00:06:00+00:00,-1,position_open
GBPJPY,2024-04-16 00:48:00+00:00,1,position_open
GBPJPY,2024-04-16 02:51:00+00:00,-1,position_open
GBPJPY,2024-04-16 05:49:00+00:00,1,position_open
GBPJPY,2024-04-16 07:11:00+00:00,1,position_open
GBPJPY,2024-05-13 22:47:00+00:00,1,position_open
GBPJPY,2024-05-24 06:52:00+00:00,-1,position_open
GBPJPY,2024-06-10 12:46:00+00:00,1,invalid_sl
GBPJPY,2024-07-04 06:20:00+00:00,-1,position_open
GBPJPY,2024-07-12 05:25:00+00:00,-1,position_open
GBPJPY,2024-07-12 12:30:00+00:00,-1,invalid_sl
GBPJPY,2024-07-15 07:00:00+00:00,1,invalid_sl
GBPJPY,2024-07-19 20:57:00+00:00,1,invalid_sl
GBPJPY,2024-07-24 09:39:00+00:00,1,invalid_sl
GBPJPY,2024-08-12 02:06:00+00:00,1,position_open
GBPJPY,2024-08-21 20:59:00+00:00,1,invalid_sl
GBPJPY,2024-08-22 21:04:00+00:00,1,invalid_sl
GBPJPY,2024-09-05 20:59:00+00:00,1,invalid_sl
GBPJPY,2024-09-23 20:59:00+00:00,1,invalid_sl
GBPJPY,2024-10-09 20:59:00+00:00,1,invalid_sl
GBPJPY,2024-10-20 21:04:00+00:00,1,invalid_sl
GBPJPY,2024-10-22 21:55:00+00:00,1,position_open
GBPJPY,2024-11-05 22:04:00+00:00,1,invalid_sl
GBPJPY,2024-11-14 00:00:00+00:00,-1,invalid_sl
GBPJPY,2024-11-14 20:00:00+00:00,-1,invalid_sl
GBPJPY,2024-11-19 05:55:00+00:00,1,invalid_sl
GBPJPY,2024-11-20 23:11:00+00:00,1,invalid_sl
GBPJPY,2024-12-04 03:38:00+00:00,-1,invalid_sl
GBPJPY,2024-12-05 22:06:00+00:00,1,invalid_sl
GBPJPY,2024-12-12 01:28:00+00:00,-1,position_open
GBPJPY,2025-01-07 11:57:00+00:00,-1,invalid_sl
GBPJPY,2025-02-04 16:27:00+00:00,-1,invalid_sl
GBPJPY,2025-02-14 15:10:00+00:00,1,invalid_sl
GBPJPY,2025-02-27 19:00:00+00:00,1,position_open
GBPJPY,2025-02-27 19:52:00+00:00,-1,position_open
GBPJPY,2025-03-20 22:48:00+00:00,1,position_open
GBPJPY,2025-03-20 23:24:00+00:00,-1,position_open
GBPJPY,2025-03-26 20:20:00+00:00,1,invalid_sl
GBPJPY,2025-04-02 05:47:00+00:00,1,invalid_sl
GBPJPY,2025-04-07 15:51:00+00:00,1,position_open
GBPJPY,2025-04-07 20:58:00+00:00,-1,position_open
GBPJPY,2025-04-07 22:35:00+00:00,1,position_open
GBPJPY,2025-04-07 23:05:00+00:00,-1,position_open
GBPJPY,2025-04-08 00:03:00+00:00,-1,position_open
GBPJPY,2025-04-08 00:57:00+00:00,1,position_open
GBPJPY,2025-04-08 01:49:00+00:00,1,position_open
GBPJPY,2025-04-08 07:25:00+00:00,-1,position_open
GBPJPY,2025-04-18 09:31:00+00:00,1,invalid_sl
GBPJPY,2025-04-18 12:57:00+00:00,1,invalid_sl
GBPJPY,2025-04-21 21:58:00+00:00,-1,invalid_sl
GBPJPY,2025-04-23 09:44:00+00:00,1,invalid_sl
GBPJPY,2025-05-01 03:02:00+00:00,-1,invalid_sl
GBPJPY,2025-05-15 19:31:00+00:00,-1,position_open
GBPJPY,2025-05-15 20:14:00+00:00,1,position_open
GBPJPY,2025-05-15 22:00:00+00:00,-1,position_open
GBPJPY,2025-05-15 22:06:00+00:00,1,position_open
GBPJPY,2025-05-15 23:02:00+00:00,-1,position_open
GBPJPY,2025-05-15 23:53:00+00:00,1,position_open
GBPJPY,2025-05-19 04:01:00+00:00,1,position_open
GBPJPY,2025-05-19 06:21:00+00:00,1,position_open
GBPJPY,2025-05-25 22:00:00+00:00,-1,invalid_sl
GBPJPY,2025-05-28 03:35:00+00:00,1,invalid_sl
GBPJPY,2025-06-09 22:00:00+00:00,-1,invalid_sl
GBPJPY,2025-06-18 22:51:00+00:00,-1,invalid_sl
GBPJPY,2025-06-25 22:00:00+00:00,-1,invalid_sl
GBPJPY,2025-06-29 22:30:00+00:00,1,position_open
GBPJPY,2025-06-29 23:58:00+00:00,1,position_open
GBPJPY,2025-06-30 02:21:00+00:00,-1,position_open
GBPJPY,2025-06-30 11:40:00+00:00,1,position_open
GBPJPY,2025-06-30 14:52:00+00:00,1,position_open
GBPJPY,2025-06-30 18:08:00+00:00,1,position_open
GBPJPY,2025-06-30 20:54:00+00:00,-1,position_open
GBPJPY,2025-07-01 03:51:00+00:00,1,position_open
GBPJPY,2025-07-01 05:50:00+00:00,-1,position_open
GBPJPY,2025-07-01 07:11:00+00:00,-1,position_open
GBPJPY,2025-07-08 12:46:00+00:00,1,invalid_sl
GBPJPY,2025-07-14 03:50:00+00:00,1,invalid_sl
GBPJPY,2025-08-14 12:30:00+00:00,-1,invalid_sl
GBPJPY,2025-08-19 21:00:00+00:00,1,invalid_sl
GBPJPY,2025-08-19 22:42:00+00:00,1,position_open
GBPJPY,2025-09-12 07:23:00+00:00,1,invalid_sl
GBPJPY,2025-09-21 23:08:00+00:00,1,position_open
GBPJPY,2025-09-22 07:03:00+00:00,-1,position_open
GBPJPY,2025-09-22 08:21:00+00:00,1,position_open
GBPJPY,2025-09-22 08:55:00+00:00,-1,position_open
GBPJPY,2025-09-22 10:05:00+00:00,1,position_open
GBPJPY,2025-09-22 11:47:00+00:00,-1,position_open
GBPJPY,2025-09-22 13:07:00+00:00,1,position_open
GBPJPY,2025-09-22 15:51:00+00:00,-1,position_open
GBPJPY,2025-09-22 16:28:00+00:00,1,position_open
GBPJPY,2025-09-22 18:36:00+00:00,1,position_open
GBPJPY,2025-09-22 21:19:00+00:00,-1,position_open
GBPJPY,2025-09-22 22:47:00+00:00,1,position_open
GBPJPY,2025-09-23 00:55:00+00:00,-1,position_open
GBPJPY,2025-09-23 01:52:00+00:00,1,position_open
GBPJPY,2025-09-23 02:38:00+00:00,-1,position_open
GBPJPY,2025-09-23 03:08:00+00:00,1,position_open
GBPJPY,2025-09-23 05:39:00+00:00,1,position_open
GBPJPY,2025-09-23 06:06:00+00:00,-1,position_open
GBPJPY,2025-09-23 07:54:00+00:00,1,position_open
GBPJPY,2025-09-23 09:12:00+00:00,-1,position_open
GBPJPY,2025-09-23 12:05:00+00:00,1,position_open
GBPJPY,2025-09-23 18:02:00+00:00,-1,position_open
GBPJPY,2025-09-23 20:35:00+00:00,1,position_open
GBPJPY,2025-09-23 21:17:00+00:00,-1,position_open
GBPJPY,2025-09-23 22:32:00+00:00,1,position_open
GBPJPY,2025-09-24 00:58:00+00:00,1,position_open
GBPJPY,2025-09-24 07:40:00+00:00,-1,position_open
GBPJPY,2025-09-24 09:15:00+00:00,1,position_open
GBPJPY,2025-09-24 13:41:00+00:00,-1,position_open
GBPJPY,2025-09-24 15:08:00+00:00,1,position_open
GBPJPY,2025-09-24 22:30:00+00:00,1,position_open
GBPJPY,2025-09-25 00:31:00+00:00,-1,position_open
GBPJPY,2025-09-25 02:21:00+00:00,-1,position_open
GBPJPY,2025-09-25 03:04:00+00:00,1,position_open
GBPJPY,2025-09-25 05:09:00+00:00,-1,position_open
GBPJPY,2025-09-25 05:53:00+00:00,1,position_open
GBPJPY,2025-09-25 08:08:00+00:00,-1,position_open
GBPJPY,2025-09-25 15:55:00+00:00,1,position_open
GBPJPY,2025-09-25 17:34:00+00:00,-1,position_open
GBPJPY,2025-09-25 19:30:00+00:00,-1,position_open
GBPJPY,2025-09-25 20:45:00+00:00,1,position_open
GBPJPY,2025-09-25 22:02:00+00:00,-1,position_open
GBPJPY,2025-09-25 22:47:00+00:00,1,position_open
GBPJPY,2025-09-25 23:13:00+00:00,-1,position_open
GBPJPY,2025-09-25 23:27:00+00:00,1,position_open
GBPJPY,2025-09-26 00:34:00+00:00,-1,position_open
GBPJPY,2025-09-26 01:47:00+00:00,1,position_open
GBPJPY,2025-09-26 05:38:00+00:00,-1,position_open
GBPJPY,2025-09-26 05:51:00+00:00,1,position_open
GBPJPY,2025-09-26 11:32:00+00:00,-1,position_open
GBPJPY,2025-09-26 13:55:00+00:00,1,position_open
GBPJPY,2025-09-28 21:27:00+00:00,-1,position_open
GBPJPY,2025-09-29 05:49:00+00:00,-1,position_open
GBPJPY,2025-09-29 12:41:00+00:00,1,position_open
GBPJPY,2025-09-29 14:36:00+00:00,-1,position_open
GBPJPY,2025-09-29 19:11:00+00:00,1,position_open
GBPJPY,2025-09-29 21:24:00+00:00,-1,position_open
GBPJPY,2025-09-29 22:44:00+00:00,1,position_open
GBPJPY,2025-09-30 00:00:00+00:00,1,position_open
GBPJPY,2025-09-30 04:30:00+00:00,-1,position_open
GBPJPY,2025-09-30 12:58:00+00:00,-1,position_open
GBPJPY,2025-09-30 15:20:00+00:00,1,position_open
GBPJPY,2025-09-30 16:52:00+00:00,-1,position_open
GBPJPY,2025-09-30 19:59:00+00:00,1,position_open
GBPJPY,2025-09-30 20:56:00+00:00,1,position_open
GBPJPY,2025-09-30 21:21:00+00:00,-1,position_open
GBPJPY,2025-09-30 22:35:00+00:00,1,position_open
GBPJPY,2025-10-01 02:22:00+00:00,-1,position_open
GBPJPY,2025-10-09 22:00:00+00:00,1,position_open
GBPJPY,2025-10-10 03:29:00+00:00,-1,position_open
GBPJPY,2025-10-14 21:04:00+00:00,1,invalid_sl
GBPJPY,2025-10-14 22:00:00+00:00,-1,invalid_sl
GBPJPY,2025-10-16 23:51:00+00:00,-1,invalid_sl
GBPJPY,2025-10-19 22:00:00+00:00,-1,invalid_sl
GBPJPY,2025-10-21 18:36:00+00:00,1,position_open
GBPJPY,2025-12-02 00:00:00+00:00,1,invalid_sl
GBPJPY,2025-12-08 22:31:00+00:00,-1,invalid_sl
GBPJPY,2025-12-10 11:51:00+00:00,-1,invalid_sl
GBPJPY,2025-12-22 18:39:00+00:00,1,position_open
GBPJPY,2025-12-22 20:27:00+00:00,1,position_open
GBPJPY,2025-12-25 03:16:00+00:00,1,invalid_sl
GBPJPY,2026-01-19 23:31:00+00:00,1,position_open
GBPJPY,2026-01-27 15:41:00+00:00,1,position_open
GBPJPY,2026-01-27 16:55:00+00:00,1,position_open
GBPJPY,2026-01-27 17:54:00+00:00,-1,position_open
GBPJPY,2026-01-27 21:47:00+00:00,1,position_open
GBPJPY,2026-01-27 23:03:00+00:00,1,position_open
GBPJPY,2026-01-28 03:58:00+00:00,-1,position_open
GBPJPY,2026-01-28 14:10:00+00:00,1,position_open
GBPJPY,2026-02-11 21:59:00+00:00,1,invalid_sl
GBPJPY,2026-02-16 12:34:00+00:00,-1,invalid_sl
GBPJPY,2026-02-16 23:30:00+00:00,1,invalid_sl
GBPJPY,2026-02-24 07:05:00+00:00,-1,invalid_sl
GBPJPY,2026-03-01 23:00:00+00:00,-1,invalid_sl
GBPJPY,2026-03-06 13:30:00+00:00,1,invalid_sl
GBPJPY,2026-03-08 22:00:00+00:00,-1,invalid_sl
GBPJPY,2026-03-26 23:01:00+00:00,1,invalid_sl
GBPJPY,2026-04-01 19:50:00+00:00,1,invalid_sl
GBPJPY,2026-04-21 22:53:00+00:00,1,position_open
GBPJPY,2026-04-23 11:48:00+00:00,1,invalid_sl
GBPJPY,2026-05-14 12:35:00+00:00,-1,position_open
GBPJPY,2026-05-26 22:59:00+00:00,1,invalid_sl
GBPJPY,2026-05-27 23:21:00+00:00,1,invalid_sl
GBPJPY,2026-06-10 02:12:00+00:00,-1,position_open
GBPJPY,2026-06-10 02:43:00+00:00,1,position_open
GBPJPY,2026-06-23 00:30:00+00:00,-1,invalid_sl
AUDJPY,2024-01-04 22:04:00+00:00,1,invalid_sl
AUDJPY,2024-01-17 11:11:00+00:00,1,position_open
AUDJPY,2024-02-12 00:50:00+00:00,1,position_open
AUDJPY,2024-02-12 02:01:00+00:00,-1,position_open
AUDJPY,2024-02-12 07:59:00+00:00,1,position_open
AUDJPY,2024-02-16 13:30:00+00:00,1,invalid_sl
AUDJPY,2024-02-23 21:58:00+00:00,1,invalid_sl
AUDJPY,2024-02-28 01:00:00+00:00,1,invalid_sl
AUDJPY,2024-02-29 21:59:00+00:00,1,invalid_sl
AUDJPY,2024-03-05 15:00:00+00:00,-1,invalid_sl
AUDJPY,2024-03-15 07:55:00+00:00,1,invalid_sl
AUDJPY,2024-03-15 20:55:00+00:00,-1,position_open
AUDJPY,2024-03-21 00:30:00+00:00,-1,invalid_sl
AUDJPY,2024-03-29 20:26:00+00:00,-1,invalid_sl
AUDJPY,2024-04-02 06:05:00+00:00,-1,invalid_sl
AUDJPY,2024-04-03 22:00:00+00:00,-1,invalid_sl
AUDJPY,2024-04-14 23:01:00+00:00,1,invalid_sl
AUDJPY,2024-04-15 10:19:00+00:00,1,invalid_sl
AUDJPY,2024-04-29 22:00:00+00:00,1,position_open
AUDJPY,2024-04-29 23:00:00+00:00,1,position_open
AUDJPY,2024-05-07 23:00:00+00:00,-1,invalid_sl
AUDJPY,2024-05-08 08:35:00+00:00,1,invalid_sl
AUDJPY,2024-05-08 10:53:00+00:00,-1,invalid_sl
AUDJPY,2024-05-15 21:40:00+00:00,-1,invalid_sl
AUDJPY,2024-05-21 21:27:00+00:00,-1,position_open
AUDJPY,2024-05-21 22:41:00+00:00,1,position_open
AUDJPY,2024-05-29 04:58:00+00:00,-1,position_open
AUDJPY,2024-06-06 09:10:00+00:00,1,invalid_sl
AUDJPY,2024-06-14 19:30:00+00:00,1,invalid_sl
AUDJPY,2024-06-17 13:24:00+00:00,1,invalid_sl
AUDJPY,2024-06-19 04:52:00+00:00,1,invalid_sl
AUDJPY,2024-07-02 16:39:00+00:00,1,invalid_sl
AUDJPY,2024-07-03 12:15:00+00:00,-1,invalid_sl
AUDJPY,2024-07-03 22:00:00+00:00,-1,invalid_sl
AUDJPY,2024-07-08 11:12:00+00:00,-1,invalid_sl
AUDJPY,2024-07-08 20:59:00+00:00,1,invalid_sl
AUDJPY,2024-07-09 22:21:00+00:00,1,invalid_sl
AUDJPY,2024-07-10 22:49:00+00:00,1,position_open
AUDJPY,2024-07-12 12:30:00+00:00,-1,invalid_sl
AUDJPY,2024-07-22 01:22:00+00:00,-1,position_open
AUDJPY,2024-08-14 22:00:00+00:00,-1,invalid_sl
AUDJPY,2024-08-15 22:00:00+00:00,1,invalid_sl
AUDJPY,2024-09-05 13:53:00+00:00,-1,position_open
AUDJPY,2024-09-20 20:18:00+00:00,1,position_open
AUDJPY,2024-10-01 18:35:00+00:00,1,position_open
AUDJPY,2024-10-01 20:32:00+00:00,-1,position_open
AUDJPY,2024-10-02 00:17:00+00:00,1,position_open
AUDJPY,2024-10-28 04:32:00+00:00,-1,position_open
AUDJPY,2024-10-28 05:13:00+00:00,1,position_open
AUDJPY,2024-10-28 06:12:00+00:00,-1,position_open
AUDJPY,2024-10-28 07:55:00+00:00,-1,position_open
AUDJPY,2024-10-28 14:57:00+00:00,1,position_open
AUDJPY,2024-10-28 18:18:00+00:00,1,position_open
AUDJPY,2024-10-28 19:14:00+00:00,-1,position_open
AUDJPY,2024-10-28 23:08:00+00:00,-1,position_open
AUDJPY,2024-11-01 19:06:00+00:00,-1,invalid_sl
AUDJPY,2024-11-04 05:32:00+00:00,-1,position_open
AUDJPY,2024-11-04 05:49:00+00:00,1,position_open
AUDJPY,2024-11-07 23:35:00+00:00,1,invalid_sl
AUDJPY,2024-11-28 23:29:00+00:00,-1,position_open
AUDJPY,2024-11-29 09:46:00+00:00,-1,invalid_sl
AUDJPY,2024-12-02 20:15:00+00:00,1,invalid_sl
AUDJPY,2024-12-12 22:59:00+00:00,1,invalid_sl
AUDJPY,2024-12-17 22:54:00+00:00,1,invalid_sl
AUDJPY,2024-12-26 12:04:00+00:00,1,invalid_sl
AUDJPY,2025-01-02 22:57:00+00:00,1,invalid_sl
AUDJPY,2025-01-06 22:57:00+00:00,1,invalid_sl
AUDJPY,2025-01-09 10:10:00+00:00,-1,invalid_sl
AUDJPY,2025-01-14 21:21:00+00:00,1,invalid_sl
AUDJPY,2025-01-24 06:44:00+00:00,-1,invalid_sl
AUDJPY,2025-01-29 07:25:00+00:00,-1,position_open
AUDJPY,2025-02-04 20:00:00+00:00,1,invalid_sl
AUDJPY,2025-02-10 00:15:00+00:00,1,invalid_sl
AUDJPY,2025-02-20 16:43:00+00:00,-1,position_open
AUDJPY,2025-02-20 17:30:00+00:00,1,position_open
AUDJPY,2025-02-20 18:41:00+00:00,1,position_open
AUDJPY,2025-03-04 17:40:00+00:00,1,invalid_sl
AUDJPY,2025-03-31 22:00:00+00:00,-1,invalid_sl
AUDJPY,2025-05-01 23:35:00+00:00,1,position_open
AUDJPY,2025-05-15 20:59:00+00:00,1,invalid_sl
AUDJPY,2025-05-15 23:09:00+00:00,-1,position_open
AUDJPY,2025-05-19 03:32:00+00:00,1,position_open
AUDJPY,2025-05-19 05:35:00+00:00,-1,position_open
AUDJPY,2025-05-19 08:42:00+00:00,1,position_open
AUDJPY,2025-06-03 10:45:00+00:00,1,invalid_sl
AUDJPY,2025-06-24 05:46:00+00:00,1,invalid_sl
AUDJPY,2025-06-24 11:05:00+00:00,1,invalid_sl
AUDJPY,2025-06-25 22:00:00+00:00,-1,invalid_sl
AUDJPY,2025-06-25 23:00:00+00:00,1,invalid_sl
AUDJPY,2025-06-27 16:55:00+00:00,-1,invalid_sl
AUDJPY,2025-06-27 17:45:00+00:00,1,invalid_sl
AUDJPY,2025-07-10 02:49:00+00:00,1,position_open
AUDJPY,2025-07-15 03:19:00+00:00,-1,invalid_sl
AUDJPY,2025-07-16 23:07:00+00:00,-1,position_open
AUDJPY,2025-07-23 17:50:00+00:00,1,invalid_sl
AUDJPY,2025-07-30 18:36:00+00:00,-1,invalid_sl
AUDJPY,2025-08-07 20:59:00+00:00,1,invalid_sl
AUDJPY,2025-08-12 22:06:00+00:00,1,position_open
AUDJPY,2025-08-12 23:30:00+00:00,1,position_open
AUDJPY,2025-08-13 00:42:00+00:00,-1,position_open
AUDJPY,2025-08-17 23:26:00+00:00,1,invalid_sl
AUDJPY,2025-08-22 20:55:00+00:00,1,invalid_sl
AUDJPY,2025-08-28 22:41:00+00:00,1,position_open
AUDJPY,2025-08-29 01:18:00+00:00,1,position_open
AUDJPY,2025-09-03 23:08:00+00:00,-1,position_open
AUDJPY,2025-09-04 19:21:00+00:00,1,position_open
AUDJPY,2025-09-04 19:55:00+00:00,-1,position_open
AUDJPY,2025-09-04 20:36:00+00:00,1,position_open
AUDJPY,2025-09-08 23:35:00+00:00,-1,position_open
AUDJPY,2025-09-09 00:52:00+00:00,-1,position_open
AUDJPY,2025-09-09 22:36:00+00:00,1,position_open
AUDJPY,2025-09-09 23:07:00+00:00,-1,position_open
AUDJPY,2025-09-14 22:00:00+00:00,-1,invalid_sl
AUDJPY,2025-09-24 22:00:00+00:00,-1,invalid_sl
AUDJPY,2025-09-25 23:13:00+00:00,-1,position_open
AUDJPY,2025-09-25 23:34:00+00:00,1,position_open
AUDJPY,2025-09-26 00:45:00+00:00,-1,position_open
AUDJPY,2025-09-26 02:41:00+00:00,1,position_open
AUDJPY,2025-09-26 05:11:00+00:00,-1,position_open
AUDJPY,2025-09-26 06:18:00+00:00,1,position_open
AUDJPY,2025-09-26 06:58:00+00:00,-1,position_open
AUDJPY,2025-09-28 22:07:00+00:00,-1,position_open
AUDJPY,2025-09-28 22:47:00+00:00,-1,position_open
AUDJPY,2025-09-30 22:51:00+00:00,1,position_open
AUDJPY,2025-10-06 22:00:00+00:00,-1,invalid_sl
AUDJPY,2025-10-20 22:00:00+00:00,-1,invalid_sl
AUDJPY,2025-11-04 22:48:00+00:00,-1,position_open
AUDJPY,2025-11-13 00:30:00+00:00,-1,invalid_sl
AUDJPY,2025-11-25 17:18:00+00:00,1,invalid_sl
AUDJPY,2025-11-27 23:33:00+00:00,-1,invalid_sl
AUDJPY,2025-11-28 03:10:00+00:00,1,invalid_sl
AUDJPY,2025-12-01 21:22:00+00:00,-1,invalid_sl
AUDJPY,2025-12-03 02:27:00+00:00,1,position_open
AUDJPY,2025-12-09 23:47:00+00:00,-1,position_open
AUDJPY,2025-12-10 00:55:00+00:00,1,position_open
AUDJPY,2025-12-10 01:35:00+00:00,-1,position_open
AUDJPY,2025-12-15 15:05:00+00:00,-1,invalid_sl
AUDJPY,2025-12-16 15:44:00+00:00,-1,invalid_sl
AUDJPY,2025-12-22 19:32:00+00:00,-1,position_open
AUDJPY,2025-12-22 20:50:00+00:00,1,position_open
AUDJPY,2026-01-08 11:31:00+00:00,1,invalid_sl
AUDJPY,2026-01-09 11:18:00+00:00,1,position_open
AUDJPY,2026-01-12 10:00:00+00:00,1,invalid_sl
AUDJPY,2026-01-16 21:06:00+00:00,1,invalid_sl
AUDJPY,2026-01-19 03:17:00+00:00,1,position_open
AUDJPY,2026-01-27 15:54:00+00:00,1,position_open
AUDJPY,2026-01-27 18:12:00+00:00,-1,position_open
AUDJPY,2026-01-27 18:33:00+00:00,1,position_open
AUDJPY,2026-01-27 18:54:00+00:00,-1,position_open
AUDJPY,2026-01-27 19:35:00+00:00,1,position_open
AUDJPY,2026-01-27 20:04:00+00:00,-1,position_open
AUDJPY,2026-01-27 21:19:00+00:00,1,position_open
AUDJPY,2026-02-10 23:00:00+00:00,-1,invalid_sl
AUDJPY,2026-02-12 23:33:00+00:00,1,invalid_sl
AUDJPY,2026-03-16 22:00:00+00:00,-1,invalid_sl
AUDJPY,2026-03-30 05:26:00+00:00,-1,invalid_sl
AUDJPY,2026-04-02 22:00:00+00:00,-1,invalid_sl
AUDJPY,2026-04-06 23:01:00+00:00,-1,position_open
AUDJPY,2026-04-09 00:23:00+00:00,-1,position_open
AUDJPY,2026-04-09 01:02:00+00:00,1,position_open
AUDJPY,2026-04-09 01:33:00+00:00,-1,position_open
AUDJPY,2026-04-09 02:17:00+00:00,-1,position_open
AUDJPY,2026-04-09 04:01:00+00:00,1,position_open
AUDJPY,2026-04-15 21:41:00+00:00,-1,invalid_sl
AUDJPY,2026-04-29 09:31:00+00:00,-1,position_open
AUDJPY,2026-04-29 10:40:00+00:00,1,invalid_sl
AUDJPY,2026-04-30 16:43:00+00:00,1,position_open
AUDJPY,2026-05-04 13:00:00+00:00,1,invalid_sl
AUDJPY,2026-05-06 22:35:00+00:00,1,position_open
AUDJPY,2026-05-06 23:06:00+00:00,-1,position_open
AUDJPY,2026-05-11 04:58:00+00:00,-1,invalid_sl
AUDJPY,2026-05-20 00:25:00+00:00,-1,invalid_sl
AUDJPY,2026-05-26 22:00:00+00:00,-1,invalid_sl
AUDJPY,2026-05-27 13:02:00+00:00,-1,invalid_sl
AUDJPY,2026-05-28 22:39:00+00:00,1,position_open
AUDJPY,2026-06-09 22:56:00+00:00,-1,position_open
AUDJPY,2026-06-10 01:42:00+00:00,1,position_open
AUDJPY,2026-06-10 02:39:00+00:00,1,position_open
AUDJPY,2026-06-10 03:02:00+00:00,-1,position_open
AUDJPY,2026-06-10 03:46:00+00:00,-1,position_open
AUDJPY,2026-06-10 04:54:00+00:00,-1,position_open
AUDJPY,2026-06-22 22:28:00+00:00,1,position_open
AUDJPY,2026-06-22 23:23:00+00:00,-1,position_open
AUDJPY,2026-06-25 00:50:00+00:00,-1,invalid_sl
AUDJPY,2026-06-29 23:04:00+00:00,-1,position_open
NZDJPY,2024-01-15 21:54:00+00:00,1,invalid_sl
NZDJPY,2024-02-13 06:59:00+00:00,1,invalid_sl
NZDJPY,2024-02-13 12:44:00+00:00,1,position_open
NZDJPY,2024-02-14 23:38:00+00:00,1,position_open
NZDJPY,2024-02-19 00:19:00+00:00,1,invalid_sl
NZDJPY,2024-03-18 20:58:00+00:00,1,invalid_sl
NZDJPY,2024-03-19 23:43:00+00:00,1,invalid_sl
NZDJPY,2024-04-01 21:00:00+00:00,1,invalid_sl
NZDJPY,2024-04-02 02:02:00+00:00,1,invalid_sl
NZDJPY,2024-04-08 00:09:00+00:00,-1,position_open
NZDJPY,2024-04-08 01:18:00+00:00,1,position_open
NZDJPY,2024-04-10 21:08:00+00:00,1,invalid_sl
NZDJPY,2024-04-11 02:24:00+00:00,-1,position_open
NZDJPY,2024-04-11 02:57:00+00:00,1,position_open
NZDJPY,2024-04-29 22:00:00+00:00,1,position_open
NZDJPY,2024-04-29 23:00:00+00:00,1,position_open
NZDJPY,2024-05-10 07:06:00+00:00,1,position_open
NZDJPY,2024-05-14 11:56:00+00:00,-1,position_open
NZDJPY,2024-05-23 15:52:00+00:00,1,position_open
NZDJPY,2024-05-23 16:22:00+00:00,-1,position_open
NZDJPY,2024-06-10 12:46:00+00:00,1,invalid_sl
NZDJPY,2024-06-11 03:52:00+00:00,-1,position_open
NZDJPY,2024-06-11 04:55:00+00:00,1,position_open
NZDJPY,2024-06-19 00:00:00+00:00,-1,invalid_sl
NZDJPY,2024-07-04 02:48:00+00:00,-1,invalid_sl
NZDJPY,2024-07-08 23:08:00+00:00,1,invalid_sl
NZDJPY,2024-07-15 22:32:00+00:00,1,position_open
NZDJPY,2024-07-22 01:39:00+00:00,1,position_open
NZDJPY,2024-07-30 02:42:00+00:00,1,invalid_sl
NZDJPY,2024-07-31 14:40:00+00:00,1,position_open
NZDJPY,2024-08-15 22:01:00+00:00,1,invalid_sl
NZDJPY,2024-08-21 22:41:00+00:00,1,position_open
NZDJPY,2024-08-23 00:03:00+00:00,1,position_open
NZDJPY,2024-08-23 01:27:00+00:00,-1,position_open
NZDJPY,2024-08-23 07:05:00+00:00,-1,invalid_sl
NZDJPY,2024-09-10 11:00:00+00:00,-1,invalid_sl
NZDJPY,2024-09-12 23:32:00+00:00,-1,invalid_sl
NZDJPY,2024-09-30 22:00:00+00:00,-1,invalid_sl
NZDJPY,2024-10-01 18:35:00+00:00,1,position_open
NZDJPY,2024-10-01 21:07:00+00:00,-1,position_open
NZDJPY,2024-10-01 23:56:00+00:00,1,position_open
NZDJPY,2024-10-09 21:00:00+00:00,1,invalid_sl
NZDJPY,2024-10-14 03:31:00+00:00,1,position_open
NZDJPY,2024-10-14 06:34:00+00:00,1,position_open
NZDJPY,2024-10-14 09:13:00+00:00,1,position_open
NZDJPY,2024-10-14 10:14:00+00:00,-1,position_open
NZDJPY,2024-10-14 12:14:00+00:00,1,position_open
NZDJPY,2024-10-14 13:30:00+00:00,1,position_open
NZDJPY,2024-10-14 22:35:00+00:00,1,position_open
NZDJPY,2024-10-21 00:49:00+00:00,-1,invalid_sl
NZDJPY,2024-10-29 21:00:00+00:00,1,invalid_sl
NZDJPY,2024-12-13 21:57:00+00:00,1,invalid_sl
NZDJPY,2024-12-17 22:48:00+00:00,1,position_open
NZDJPY,2025-01-21 07:45:00+00:00,1,invalid_sl
NZDJPY,2025-01-24 06:44:00+00:00,-1,invalid_sl
NZDJPY,2025-01-28 09:28:00+00:00,1,invalid_sl
NZDJPY,2025-02-11 19:59:00+00:00,1,invalid_sl
NZDJPY,2025-02-12 07:15:00+00:00,-1,invalid_sl
NZDJPY,2025-02-17 18:31:00+00:00,1,invalid_sl
NZDJPY,2025-02-19 11:01:00+00:00,-1,invalid_sl
NZDJPY,2025-02-24 02:56:00+00:00,1,invalid_sl
NZDJPY,2025-02-24 15:08:00+00:00,-1,invalid_sl
NZDJPY,2025-03-07 13:30:00+00:00,-1,invalid_sl
NZDJPY,2025-03-25 13:41:00+00:00,-1,invalid_sl
NZDJPY,2025-04-10 21:40:00+00:00,-1,invalid_sl
NZDJPY,2025-04-17 05:33:00+00:00,-1,position_open
NZDJPY,2025-04-17 08:06:00+00:00,1,position_open
NZDJPY,2025-04-18 02:10:00+00:00,-1,position_open
NZDJPY,2025-04-18 10:24:00+00:00,1,position_open
NZDJPY,2025-04-18 11:58:00+00:00,-1,position_open
NZDJPY,2025-04-18 15:58:00+00:00,-1,position_open
NZDJPY,2025-04-18 19:14:00+00:00,-1,position_open
NZDJPY,2025-04-18 20:04:00+00:00,-1,position_open
NZDJPY,2025-04-21 22:00:00+00:00,-1,invalid_sl
NZDJPY,2025-04-25 07:46:00+00:00,-1,invalid_sl
NZDJPY,2025-05-08 00:56:00+00:00,-1,invalid_sl
NZDJPY,2025-05-15 22:00:00+00:00,-1,invalid_sl
NZDJPY,2025-05-28 20:59:00+00:00,1,invalid_sl
NZDJPY,2025-06-03 22:35:00+00:00,1,position_open
NZDJPY,2025-06-08 23:30:00+00:00,1,position_open
NZDJPY,2025-06-09 00:22:00+00:00,-1,position_open
NZDJPY,2025-06-23 21:57:00+00:00,1,invalid_sl
NZDJPY,2025-06-24 09:43:00+00:00,1,invalid_sl
NZDJPY,2025-07-01 22:45:00+00:00,1,position_open
NZDJPY,2025-07-04 20:18:00+00:00,1,invalid_sl
NZDJPY,2025-07-16 22:30:00+00:00,1,position_open
NZDJPY,2025-07-22 22:00:00+00:00,-1,invalid_sl
NZDJPY,2025-07-23 17:50:00+00:00,1,invalid_sl
NZDJPY,2025-07-30 00:54:00+00:00,1,invalid_sl
NZDJPY,2025-07-30 21:34:00+00:00,1,invalid_sl
NZDJPY,2025-08-05 21:04:00+00:00,1,invalid_sl
NZDJPY,2025-08-07 20:59:00+00:00,1,invalid_sl
NZDJPY,2025-08-07 22:16:00+00:00,1,position_open
NZDJPY,2025-08-07 23:58:00+00:00,1,position_open
NZDJPY,2025-08-12 20:59:00+00:00,1,invalid_sl
NZDJPY,2025-08-12 22:53:00+00:00,1,position_open
NZDJPY,2025-08-14 22:58:00+00:00,1,position_open
NZDJPY,2025-08-21 20:59:00+00:00,1,invalid_sl
NZDJPY,2025-08-22 06:05:00+00:00,-1,invalid_sl
NZDJPY,2025-08-25 11:47:00+00:00,1,invalid_sl
NZDJPY,2025-08-28 00:17:00+00:00,1,position_open
NZDJPY,2025-08-28 01:27:00+00:00,-1,position_open
NZDJPY,2025-08-28 02:16:00+00:00,-1,position_open
NZDJPY,2025-08-28 03:16:00+00:00,1,position_open
NZDJPY,2025-08-28 04:36:00+00:00,-1,position_open
NZDJPY,2025-08-28 07:05:00+00:00,1,position_open
NZDJPY,2025-08-28 08:50:00+00:00,1,position_open
NZDJPY,2025-08-28 11:41:00+00:00,-1,position_open
NZDJPY,2025-08-28 12:26:00+00:00,1,position_open
NZDJPY,2025-08-28 14:18:00+00:00,1,position_open
NZDJPY,2025-08-28 21:20:00+00:00,-1,position_open
NZDJPY,2025-08-28 22:41:00+00:00,1,position_open
NZDJPY,2025-08-28 23:32:00+00:00,-1,position_open
NZDJPY,2025-08-29 01:19:00+00:00,1,position_open
NZDJPY,2025-09-04 22:19:00+00:00,1,position_open
NZDJPY,2025-09-15 22:17:00+00:00,1,position_open
NZDJPY,2025-09-16 00:46:00+00:00,-1,position_open
NZDJPY,2025-09-16 08:24:00+00:00,1,position_open
NZDJPY,2025-09-16 09:46:00+00:00,1,position_open
NZDJPY,2025-09-16 14:15:00+00:00,-1,position_open
NZDJPY,2025-09-16 20:41:00+00:00,1,position_open
NZDJPY,2025-09-22 00:01:00+00:00,-1,invalid_sl
NZDJPY,2025-09-22 22:47:00+00:00,1,position_open
NZDJPY,2025-09-22 23:54:00+00:00,1,position_open
NZDJPY,2025-09-23 01:38:00+00:00,-1,position_open
NZDJPY,2025-09-23 08:31:00+00:00,1,position_open
NZDJPY,2025-09-23 14:07:00+00:00,-1,position_open
NZDJPY,2025-09-23 15:52:00+00:00,-1,position_open
NZDJPY,2025-10-01 22:41:00+00:00,1,position_open
NZDJPY,2025-10-02 22:39:00+00:00,-1,position_open
NZDJPY,2025-10-06 14:10:00+00:00,1,invalid_sl
NZDJPY,2025-10-19 22:00:00+00:00,-1,invalid_sl
NZDJPY,2025-10-21 23:03:00+00:00,1,invalid_sl
NZDJPY,2025-10-27 07:30:00+00:00,-1,invalid_sl
NZDJPY,2025-11-06 00:01:00+00:00,1,position_open
NZDJPY,2025-11-06 00:55:00+00:00,-1,position_open
NZDJPY,2025-11-06 02:47:00+00:00,1,position_open
NZDJPY,2025-11-06 03:43:00+00:00,-1,position_open
NZDJPY,2025-11-06 04:48:00+00:00,1,position_open
NZDJPY,2025-11-06 06:00:00+00:00,-1,position_open
NZDJPY,2025-11-06 23:53:00+00:00,-1,position_open
NZDJPY,2025-11-17 10:28:00+00:00,1,invalid_sl
NZDJPY,2025-11-24 08:00:00+00:00,1,invalid_sl
NZDJPY,2025-11-27 22:00:00+00:00,1,invalid_sl
NZDJPY,2025-12-07 22:04:00+00:00,1,invalid_sl
NZDJPY,2025-12-11 23:00:00+00:00,-1,invalid_sl
NZDJPY,2025-12-18 18:48:00+00:00,1,invalid_sl
NZDJPY,2025-12-22 23:07:00+00:00,1,invalid_sl
NZDJPY,2025-12-25 23:00:00+00:00,1,invalid_sl
NZDJPY,2026-01-07 00:01:00+00:00,-1,invalid_sl
NZDJPY,2026-01-07 19:29:00+00:00,-1,position_open
NZDJPY,2026-02-02 22:30:00+00:00,-1,invalid_sl
NZDJPY,2026-02-03 23:52:00+00:00,-1,invalid_sl
NZDJPY,2026-02-10 02:02:00+00:00,-1,invalid_sl
NZDJPY,2026-02-16 23:05:00+00:00,-1,position_open
NZDJPY,2026-02-17 22:55:00+00:00,1,invalid_sl
NZDJPY,2026-02-20 17:56:00+00:00,1,position_open
NZDJPY,2026-02-23 01:16:00+00:00,-1,invalid_sl
NZDJPY,2026-03-09 01:50:00+00:00,1,position_open
NZDJPY,2026-03-17 04:14:00+00:00,-1,invalid_sl
NZDJPY,2026-04-01 03:33:00+00:00,-1,invalid_sl
NZDJPY,2026-04-10 00:02:00+00:00,-1,position_open
NZDJPY,2026-04-10 01:31:00+00:00,-1,position_open
NZDJPY,2026-04-10 04:02:00+00:00,1,position_open
NZDJPY,2026-04-10 04:39:00+00:00,-1,position_open
NZDJPY,2026-04-10 06:14:00+00:00,1,position_open
NZDJPY,2026-04-10 07:00:00+00:00,-1,position_open
NZDJPY,2026-04-16 22:16:00+00:00,-1,position_open
NZDJPY,2026-04-16 23:40:00+00:00,1,position_open
NZDJPY,2026-04-17 00:09:00+00:00,-1,position_open
NZDJPY,2026-04-20 22:00:00+00:00,-1,invalid_sl
NZDJPY,2026-04-28 22:00:00+00:00,-1,position_open
NZDJPY,2026-04-28 23:28:00+00:00,1,position_open
NZDJPY,2026-05-10 23:33:00+00:00,1,position_open
NZDJPY,2026-05-11 00:00:00+00:00,-1,position_open
NZDJPY,2026-05-11 00:52:00+00:00,1,invalid_sl
NZDJPY,2026-05-11 22:30:00+00:00,1,position_open
NZDJPY,2026-05-13 23:03:00+00:00,-1,position_open
NZDJPY,2026-05-14 02:46:00+00:00,1,position_open
NZDJPY,2026-05-18 19:01:00+00:00,-1,invalid_sl
NZDJPY,2026-05-18 22:00:00+00:00,-1,invalid_sl
NZDJPY,2026-05-21 01:48:00+00:00,1,position_open
NZDJPY,2026-05-21 02:31:00+00:00,-1,position_open
NZDJPY,2026-05-21 05:05:00+00:00,1,position_open
NZDJPY,2026-05-21 07:34:00+00:00,-1,position_open
NZDJPY,2026-05-25 10:39:00+00:00,-1,position_open
NZDJPY,2026-05-25 21:28:00+00:00,-1,invalid_sl
NZDJPY,2026-05-27 21:58:00+00:00,1,invalid_sl
NZDJPY,2026-05-31 23:45:00+00:00,1,position_open
NZDJPY,2026-06-01 01:29:00+00:00,1,position_open
NZDJPY,2026-06-01 02:57:00+00:00,-1,position_open
NZDJPY,2026-06-10 11:03:00+00:00,1,invalid_sl
NZDJPY,2026-06-14 22:30:00+00:00,1,invalid_sl
NZDJPY,2026-06-17 18:00:00+00:00,1,invalid_sl
CADJPY,2024-01-05 13:49:00+00:00,1,invalid_sl
CADJPY,2024-01-12 07:27:00+00:00,1,position_open
CADJPY,2024-01-15 14:40:00+00:00,1,invalid_sl
CADJPY,2024-01-25 23:30:00+00:00,-1,invalid_sl
CADJPY,2024-01-28 23:00:00+00:00,-1,invalid_sl
CADJPY,2024-02-21 22:04:00+00:00,1,invalid_sl
CADJPY,2024-02-25 22:04:00+00:00,1,invalid_sl
CADJPY,2024-02-28 06:00:00+00:00,-1,invalid_sl
CADJPY,2024-03-08 04:36:00+00:00,1,position_open
CADJPY,2024-03-12 12:32:00+00:00,1,invalid_sl
CADJPY,2024-03-19 12:30:00+00:00,1,invalid_sl
CADJPY,2024-03-19 23:02:00+00:00,-1,invalid_sl
CADJPY,2024-03-29 13:42:00+00:00,-1,invalid_sl
CADJPY,2024-04-05 16:06:00+00:00,1,invalid_sl
CADJPY,2024-04-18 23:31:00+00:00,-1,position_open
CADJPY,2024-04-29 21:18:00+00:00,-1,position_open
CADJPY,2024-04-29 23:00:00+00:00,1,position_open
CADJPY,2024-04-30 21:34:00+00:00,-1,invalid_sl
CADJPY,2024-05-19 22:00:00+00:00,-1,invalid_sl
CADJPY,2024-05-24 05:00:00+00:00,1,invalid_sl
CADJPY,2024-06-16 21:43:00+00:00,1,invalid_sl
CADJPY,2024-06-21 13:36:00+00:00,-1,position_open
CADJPY,2024-06-24 14:09:00+00:00,1,position_open
CADJPY,2024-07-03 22:00:00+00:00,-1,invalid_sl
CADJPY,2024-07-11 19:28:00+00:00,1,position_open
CADJPY,2024-07-24 10:20:00+00:00,1,position_open
CADJPY,2024-07-24 10:58:00+00:00,-1,position_open
CADJPY,2024-07-31 14:40:00+00:00,1,position_open
CADJPY,2024-08-08 21:50:00+00:00,1,invalid_sl
CADJPY,2024-08-12 02:05:00+00:00,1,position_open
CADJPY,2024-08-14 17:36:00+00:00,1,invalid_sl
CADJPY,2024-08-15 00:50:00+00:00,1,invalid_sl
CADJPY,2024-09-13 07:02:00+00:00,1,invalid_sl
CADJPY,2024-09-13 13:15:00+00:00,-1,position_open
CADJPY,2024-09-25 00:42:00+00:00,1,invalid_sl
CADJPY,2024-10-10 23:46:00+00:00,-1,invalid_sl
CADJPY,2024-11-11 19:48:00+00:00,-1,invalid_sl
CADJPY,2024-11-21 08:48:00+00:00,-1,position_open
CADJPY,2024-11-21 16:06:00+00:00,1,position_open
CADJPY,2024-11-22 02:32:00+00:00,1,invalid_sl
CADJPY,2024-12-02 14:30:00+00:00,-1,invalid_sl
CADJPY,2024-12-11 14:45:00+00:00,-1,invalid_sl
CADJPY,2024-12-25 22:05:00+00:00,-1,invalid_sl
CADJPY,2024-12-26 21:59:00+00:00,1,invalid_sl
CADJPY,2024-12-30 23:35:00+00:00,1,invalid_sl
CADJPY,2025-01-03 03:58:00+00:00,1,invalid_sl
CADJPY,2025-01-08 13:00:00+00:00,1,position_open
CADJPY,2025-01-10 14:04:00+00:00,1,invalid_sl
CADJPY,2025-01-17 18:36:00+00:00,-1,invalid_sl
CADJPY,2025-01-22 09:52:00+00:00,-1,invalid_sl
CADJPY,2025-01-30 13:30:00+00:00,-1,invalid_sl
CADJPY,2025-02-04 04:12:00+00:00,-1,invalid_sl
CADJPY,2025-02-10 23:00:00+00:00,-1,invalid_sl
CADJPY,2025-02-12 22:19:00+00:00,-1,invalid_sl
CADJPY,2025-02-19 04:25:00+00:00,-1,invalid_sl
CADJPY,2025-03-11 03:18:00+00:00,1,invalid_sl
CADJPY,2025-03-12 22:00:00+00:00,-1,invalid_sl
CADJPY,2025-03-20 22:48:00+00:00,1,position_open
CADJPY,2025-03-20 23:18:00+00:00,-1,position_open
CADJPY,2025-04-08 02:00:00+00:00,1,invalid_sl
CADJPY,2025-04-09 11:00:00+00:00,1,invalid_sl
CADJPY,2025-04-15 22:19:00+00:00,-1,invalid_sl
CADJPY,2025-04-16 00:00:00+00:00,1,invalid_sl
CADJPY,2025-04-30 14:50:00+00:00,1,invalid_sl
CADJPY,2025-05-01 20:30:00+00:00,-1,invalid_sl
CADJPY,2025-05-22 22:00:00+00:00,-1,invalid_sl
CADJPY,2025-06-03 22:35:00+00:00,1,position_open
CADJPY,2025-06-03 23:08:00+00:00,-1,position_open
CADJPY,2025-06-03 23:32:00+00:00,1,position_open
CADJPY,2025-06-03 23:56:00+00:00,-1,position_open
CADJPY,2025-06-10 20:59:00+00:00,1,invalid_sl
CADJPY,2025-06-10 22:00:00+00:00,-1,invalid_sl
CADJPY,2025-06-15 21:04:00+00:00,1,invalid_sl
CADJPY,2025-07-02 21:56:00+00:00,1,invalid_sl
CADJPY,2025-07-07 03:03:00+00:00,1,invalid_sl
CADJPY,2025-07-15 06:45:00+00:00,1,invalid_sl
CADJPY,2025-07-23 22:00:00+00:00,-1,invalid_sl
CADJPY,2025-08-27 10:57:00+00:00,1,invalid_sl
CADJPY,2025-08-27 21:54:00+00:00,-1,invalid_sl
CADJPY,2025-09-04 00:06:00+00:00,-1,invalid_sl
CADJPY,2025-09-04 19:14:00+00:00,-1,invalid_sl
CADJPY,2025-09-08 20:59:00+00:00,1,invalid_sl
CADJPY,2025-09-09 08:15:00+00:00,1,invalid_sl
CADJPY,2025-09-14 22:00:00+00:00,-1,invalid_sl
CADJPY,2025-09-26 07:42:00+00:00,1,invalid_sl
CADJPY,2025-10-01 22:57:00+00:00,-1,invalid_sl
CADJPY,2025-10-02 21:27:00+00:00,-1,invalid_sl
CADJPY,2025-10-03 20:52:00+00:00,-1,invalid_sl
CADJPY,2025-10-12 21:57:00+00:00,1,invalid_sl
CADJPY,2025-11-14 05:20:00+00:00,-1,invalid_sl
CADJPY,2025-11-19 06:50:00+00:00,-1,invalid_sl
CADJPY,2025-12-02 21:59:00+00:00,1,invalid_sl
CADJPY,2025-12-04 00:10:00+00:00,-1,position_open
CADJPY,2025-12-09 23:44:00+00:00,1,position_open
CADJPY,2025-12-10 00:05:00+00:00,-1,position_open
CADJPY,2025-12-10 01:14:00+00:00,-1,position_open
CADJPY,2025-12-10 06:30:00+00:00,1,position_open
CADJPY,2025-12-10 08:09:00+00:00,-1,position_open
CADJPY,2025-12-10 09:19:00+00:00,1,position_open
CADJPY,2025-12-10 13:42:00+00:00,-1,position_open
CADJPY,2025-12-17 17:45:00+00:00,1,position_open
CADJPY,2026-01-12 23:34:00+00:00,-1,position_open
CADJPY,2026-01-21 21:05:00+00:00,-1,invalid_sl
CADJPY,2026-01-26 12:57:00+00:00,1,position_open
CADJPY,2026-01-26 14:47:00+00:00,-1,position_open
CADJPY,2026-01-26 17:16:00+00:00,-1,position_open
CADJPY,2026-01-26 19:04:00+00:00,1,position_open
CADJPY,2026-01-26 20:03:00+00:00,-1,position_open
CADJPY,2026-01-26 21:52:00+00:00,1,position_open
CADJPY,2026-01-27 01:11:00+00:00,1,position_open
CADJPY,2026-01-27 03:54:00+00:00,1,position_open
CADJPY,2026-01-27 06:34:00+00:00,1,position_open
CADJPY,2026-01-27 06:53:00+00:00,-1,position_open
CADJPY,2026-01-27 07:40:00+00:00,1,position_open
CADJPY,2026-01-27 15:17:00+00:00,1,position_open
CADJPY,2026-01-27 18:54:00+00:00,-1,position_open
CADJPY,2026-01-28 00:03:00+00:00,-1,position_open
CADJPY,2026-01-28 00:17:00+00:00,1,position_open
CADJPY,2026-01-28 01:40:00+00:00,1,position_open
CADJPY,2026-01-28 05:59:00+00:00,1,position_open
CADJPY,2026-01-28 07:53:00+00:00,1,position_open
CADJPY,2026-01-28 12:57:00+00:00,1,position_open
CADJPY,2026-02-11 00:02:00+00:00,1,invalid_sl
CADJPY,2026-02-16 23:30:00+00:00,1,invalid_sl
CADJPY,2026-02-18 22:58:00+00:00,1,invalid_sl
CADJPY,2026-02-19 20:51:00+00:00,1,invalid_sl
CADJPY,2026-03-05 05:13:00+00:00,1,invalid_sl
CADJPY,2026-03-12 14:46:00+00:00,1,invalid_sl
CADJPY,2026-03-24 05:42:00+00:00,-1,invalid_sl
CADJPY,2026-03-24 20:09:00+00:00,1,invalid_sl
CADJPY,2026-04-13 22:00:00+00:00,-1,invalid_sl
CADJPY,2026-04-20 22:00:00+00:00,-1,invalid_sl
CADJPY,2026-04-21 20:09:00+00:00,1,invalid_sl
CADJPY,2026-05-01 12:06:00+00:00,1,position_open
CADJPY,2026-05-01 15:36:00+00:00,1,position_open
CADJPY,2026-05-03 21:38:00+00:00,-1,position_open
CADJPY,2026-05-04 00:33:00+00:00,1,position_open
CADJPY,2026-05-04 05:15:00+00:00,-1,position_open
CADJPY,2026-05-04 09:24:00+00:00,1,position_open
CADJPY,2026-05-04 13:22:00+00:00,-1,position_open
CADJPY,2026-05-04 15:43:00+00:00,1,position_open
CADJPY,2026-05-04 19:56:00+00:00,-1,position_open
CADJPY,2026-05-05 01:36:00+00:00,1,position_open
CADJPY,2026-05-05 05:40:00+00:00,-1,position_open
CADJPY,2026-05-05 06:22:00+00:00,1,position_open
CADJPY,2026-05-05 07:24:00+00:00,-1,position_open
CADJPY,2026-05-05 07:52:00+00:00,1,position_open
CADJPY,2026-05-14 00:05:00+00:00,1,position_open
CADJPY,2026-05-14 01:13:00+00:00,1,position_open
CADJPY,2026-05-31 23:44:00+00:00,1,invalid_sl
CADJPY,2026-06-05 12:30:00+00:00,-1,invalid_sl
CADJPY,2026-06-21 21:04:00+00:00,1,invalid_sl
CADJPY,2026-06-23 00:52:00+00:00,1,invalid_sl
CADJPY,2026-06-29 00:57:00+00:00,-1,invalid_sl
CADJPY,2026-06-30 03:26:00+00:00,1,invalid_sl
CHFJPY,2024-01-09 22:23:00+00:00,-1,invalid_sl
CHFJPY,2024-01-12 13:30:00+00:00,1,invalid_sl
CHFJPY,2024-01-17 23:46:00+00:00,1,position_open
CHFJPY,2024-01-18 03:43:00+00:00,1,invalid_sl
CHFJPY,2024-01-26 21:59:00+00:00,1,invalid_sl
CHFJPY,2024-02-01 00:09:00+00:00,1,position_open
CHFJPY,2024-02-05 21:43:00+00:00,-1,invalid_sl
CHFJPY,2024-02-06 21:59:00+00:00,1,invalid_sl
CHFJPY,2024-03-04 00:01:00+00:00,1,invalid_sl
CHFJPY,2024-03-21 23:00:00+00:00,-1,invalid_sl
CHFJPY,2024-04-12 15:06:00+00:00,1,invalid_sl
CHFJPY,2024-04-16 14:51:00+00:00,1,invalid_sl
CHFJPY,2024-04-19 07:29:00+00:00,1,invalid_sl
CHFJPY,2024-04-23 13:45:00+00:00,-1,invalid_sl
CHFJPY,2024-04-30 21:51:00+00:00,1,position_open
CHFJPY,2024-05-01 02:18:00+00:00,-1,position_open
CHFJPY,2024-05-01 03:08:00+00:00,1,position_open
CHFJPY,2024-05-01 04:51:00+00:00,-1,position_open
CHFJPY,2024-05-01 09:02:00+00:00,1,position_open
CHFJPY,2024-05-01 13:51:00+00:00,-1,position_open
CHFJPY,2024-05-01 16:39:00+00:00,-1,position_open
CHFJPY,2024-05-07 20:59:00+00:00,1,invalid_sl
CHFJPY,2024-05-28 18:40:00+00:00,-1,position_open
CHFJPY,2024-05-28 20:03:00+00:00,1,position_open
CHFJPY,2024-06-04 21:28:00+00:00,-1,invalid_sl
CHFJPY,2024-06-06 20:59:00+00:00,1,invalid_sl
CHFJPY,2024-06-18 22:00:00+00:00,-1,position_open
CHFJPY,2024-06-18 22:44:00+00:00,1,position_open
CHFJPY,2024-06-19 02:04:00+00:00,-1,position_open
CHFJPY,2024-06-19 21:29:00+00:00,-1,invalid_sl
CHFJPY,2024-06-24 21:57:00+00:00,1,position_open
CHFJPY,2024-06-28 08:08:00+00:00,-1,position_open
CHFJPY,2024-07-09 01:40:00+00:00,1,invalid_sl
CHFJPY,2024-07-10 20:55:00+00:00,-1,invalid_sl
CHFJPY,2024-07-11 22:45:00+00:00,1,position_open
CHFJPY,2024-07-14 21:04:00+00:00,-1,invalid_sl
CHFJPY,2024-07-14 23:05:00+00:00,1,invalid_sl
CHFJPY,2024-08-07 19:46:00+00:00,-1,invalid_sl
CHFJPY,2024-08-13 22:30:00+00:00,-1,position_open
CHFJPY,2024-08-13 23:27:00+00:00,1,position_open
CHFJPY,2024-08-14 22:38:00+00:00,-1,invalid_sl
CHFJPY,2024-08-15 00:50:00+00:00,1,invalid_sl
CHFJPY,2024-08-22 23:21:00+00:00,-1,position_open
CHFJPY,2024-08-23 00:18:00+00:00,1,position_open
CHFJPY,2024-08-23 02:07:00+00:00,-1,position_open
CHFJPY,2024-09-02 20:56:00+00:00,-1,position_open
CHFJPY,2024-09-06 08:33:00+00:00,1,invalid_sl
CHFJPY,2024-09-12 15:56:00+00:00,1,position_open
CHFJPY,2024-09-17 11:00:00+00:00,-1,invalid_sl
CHFJPY,2024-09-19 12:30:00+00:00,-1,invalid_sl
CHFJPY,2024-09-23 22:23:00+00:00,1,position_open
CHFJPY,2024-09-30 09:23:00+00:00,1,invalid_sl
CHFJPY,2024-10-10 12:29:00+00:00,1,invalid_sl
CHFJPY,2024-10-15 00:22:00+00:00,-1,position_open
CHFJPY,2024-10-15 01:11:00+00:00,-1,position_open
CHFJPY,2024-10-15 03:17:00+00:00,-1,position_open
CHFJPY,2024-10-15 17:15:00+00:00,-1,invalid_sl
CHFJPY,2024-10-17 23:27:00+00:00,1,position_open
CHFJPY,2024-10-18 00:34:00+00:00,-1,position_open
CHFJPY,2024-10-20 22:49:00+00:00,1,position_open
CHFJPY,2024-10-30 08:08:00+00:00,-1,invalid_sl
CHFJPY,2024-11-01 20:59:00+00:00,1,invalid_sl
CHFJPY,2024-11-04 03:24:00+00:00,-1,position_open
CHFJPY,2024-11-04 05:26:00+00:00,1,position_open
CHFJPY,2024-11-08 15:30:00+00:00,-1,invalid_sl
CHFJPY,2024-11-13 13:01:00+00:00,1,invalid_sl
CHFJPY,2024-11-18 23:00:00+00:00,-1,invalid_sl
CHFJPY,2024-11-22 02:32:00+00:00,1,invalid_sl
CHFJPY,2024-12-02 23:00:00+00:00,-1,invalid_sl
CHFJPY,2024-12-05 23:13:00+00:00,1,position_open
CHFJPY,2024-12-06 00:55:00+00:00,-1,position_open
CHFJPY,2024-12-15 23:00:00+00:00,-1,invalid_sl
CHFJPY,2024-12-23 23:24:00+00:00,1,position_open
CHFJPY,2024-12-24 13:22:00+00:00,-1,invalid_sl
CHFJPY,2024-12-30 23:47:00+00:00,1,position_open
CHFJPY,2024-12-31 01:10:00+00:00,-1,position_open
CHFJPY,2024-12-31 09:41:00+00:00,1,position_open
CHFJPY,2024-12-31 12:56:00+00:00,1,position_open
CHFJPY,2024-12-31 15:43:00+00:00,1,position_open
CHFJPY,2024-12-31 19:06:00+00:00,-1,position_open
CHFJPY,2024-12-31 20:37:00+00:00,1,position_open
CHFJPY,2025-01-01 22:20:00+00:00,-1,position_open
CHFJPY,2025-01-02 00:11:00+00:00,1,position_open
CHFJPY,2025-01-02 07:08:00+00:00,-1,position_open
CHFJPY,2025-01-02 11:05:00+00:00,-1,position_open
CHFJPY,2025-01-16 00:33:00+00:00,1,position_open
CHFJPY,2025-01-23 01:52:00+00:00,1,position_open
CHFJPY,2025-01-31 20:06:00+00:00,1,position_open
CHFJPY,2025-02-04 23:30:00+00:00,1,position_open
CHFJPY,2025-02-17 22:04:00+00:00,1,invalid_sl
CHFJPY,2025-03-18 23:03:00+00:00,1,position_open
CHFJPY,2025-03-19 04:12:00+00:00,-1,position_open
CHFJPY,2025-03-19 04:53:00+00:00,1,position_open
CHFJPY,2025-03-26 21:04:00+00:00,1,invalid_sl
CHFJPY,2025-03-28 14:30:00+00:00,-1,invalid_sl
CHFJPY,2025-04-01 21:51:00+00:00,1,invalid_sl
CHFJPY,2025-04-02 21:38:00+00:00,-1,invalid_sl
CHFJPY,2025-04-07 14:56:00+00:00,1,position_open
CHFJPY,2025-04-14 23:42:00+00:00,-1,position_open
CHFJPY,2025-04-15 07:49:00+00:00,1,position_open
CHFJPY,2025-04-15 09:45:00+00:00,-1,position_open
CHFJPY,2025-04-15 12:42:00+00:00,-1,invalid_sl
CHFJPY,2025-04-18 10:57:00+00:00,1,invalid_sl
CHFJPY,2025-04-22 20:09:00+00:00,1,position_open
CHFJPY,2025-04-24 07:37:00+00:00,1,invalid_sl
CHFJPY,2025-05-02 11:37:00+00:00,-1,position_open
CHFJPY,2025-05-06 05:47:00+00:00,1,position_open
CHFJPY,2025-05-15 22:36:00+00:00,1,position_open
CHFJPY,2025-05-22 22:16:00+00:00,-1,position_open
CHFJPY,2025-05-23 01:08:00+00:00,1,position_open
CHFJPY,2025-05-23 02:30:00+00:00,-1,position_open
CHFJPY,2025-05-23 03:25:00+00:00,-1,position_open
CHFJPY,2025-05-23 11:02:00+00:00,-1,position_open
CHFJPY,2025-05-28 03:35:00+00:00,1,invalid_sl
CHFJPY,2025-05-29 16:39:00+00:00,-1,position_open
CHFJPY,2025-05-29 18:29:00+00:00,1,position_open
CHFJPY,2025-05-29 19:59:00+00:00,-1,position_open
CHFJPY,2025-05-29 20:55:00+00:00,1,position_open
CHFJPY,2025-06-05 22:57:00+00:00,1,position_open
CHFJPY,2025-06-05 23:26:00+00:00,-1,position_open
CHFJPY,2025-06-06 00:11:00+00:00,1,position_open
CHFJPY,2025-06-16 09:30:00+00:00,1,invalid_sl
CHFJPY,2025-06-24 09:43:00+00:00,1,invalid_sl
CHFJPY,2025-06-24 21:04:00+00:00,1,invalid_sl
CHFJPY,2025-06-26 23:30:00+00:00,-1,invalid_sl
CHFJPY,2025-07-02 07:37:00+00:00,1,invalid_sl
CHFJPY,2025-07-03 20:30:00+00:00,-1,position_open
CHFJPY,2025-07-04 19:55:00+00:00,-1,invalid_sl
CHFJPY,2025-07-14 03:50:00+00:00,1,invalid_sl
CHFJPY,2025-07-21 22:01:00+00:00,-1,invalid_sl
CHFJPY,2025-07-29 21:30:00+00:00,-1,invalid_sl
CHFJPY,2025-08-06 16:46:00+00:00,1,invalid_sl
CHFJPY,2025-08-06 21:55:00+00:00,1,invalid_sl
CHFJPY,2025-08-07 16:24:00+00:00,1,position_open
CHFJPY,2025-08-17 21:12:00+00:00,-1,invalid_sl
CHFJPY,2025-08-19 05:08:00+00:00,-1,position_open
CHFJPY,2025-08-22 20:05:00+00:00,1,position_open
CHFJPY,2025-08-26 23:09:00+00:00,1,position_open
CHFJPY,2025-08-27 01:11:00+00:00,1,position_open
CHFJPY,2025-08-28 23:32:00+00:00,-1,position_open
CHFJPY,2025-08-29 04:19:00+00:00,-1,position_open
CHFJPY,2025-08-29 06:05:00+00:00,1,position_open
CHFJPY,2025-09-03 23:22:00+00:00,-1,position_open
CHFJPY,2025-09-03 23:49:00+00:00,-1,position_open
CHFJPY,2025-09-08 23:01:00+00:00,-1,position_open
CHFJPY,2025-09-09 00:37:00+00:00,-1,position_open
CHFJPY,2025-09-09 01:43:00+00:00,1,position_open
CHFJPY,2025-09-09 04:36:00+00:00,-1,position_open
CHFJPY,2025-09-11 22:00:00+00:00,-1,position_open
CHFJPY,2025-09-11 23:10:00+00:00,1,position_open
CHFJPY,2025-09-16 22:00:00+00:00,-1,invalid_sl
CHFJPY,2025-09-18 22:29:00+00:00,-1,position_open
CHFJPY,2025-09-18 23:24:00+00:00,1,position_open
CHFJPY,2025-09-19 02:32:00+00:00,-1,position_open
CHFJPY,2025-09-22 22:47:00+00:00,1,position_open
CHFJPY,2025-09-23 05:10:00+00:00,-1,position_open
CHFJPY,2025-09-23 12:00:00+00:00,1,position_open
CHFJPY,2025-09-23 14:47:00+00:00,-1,position_open
CHFJPY,2025-09-23 16:23:00+00:00,1,position_open
CHFJPY,2025-09-23 18:31:00+00:00,-1,position_open
CHFJPY,2025-09-23 20:18:00+00:00,1,position_open
CHFJPY,2025-09-23 21:23:00+00:00,-1,position_open
CHFJPY,2025-09-23 23:43:00+00:00,1,position_open
CHFJPY,2025-09-24 00:58:00+00:00,1,position_open
CHFJPY,2025-09-24 18:11:00+00:00,-1,position_open
CHFJPY,2025-09-24 21:55:00+00:00,1,invalid_sl
CHFJPY,2025-09-28 23:16:00+00:00,1,position_open
CHFJPY,2025-09-29 00:13:00+00:00,-1,position_open
CHFJPY,2025-09-30 00:40:00+00:00,1,position_open
CHFJPY,2025-10-01 00:14:00+00:00,1,position_open
CHFJPY,2025-10-06 12:00:00+00:00,1,invalid_sl
CHFJPY,2025-10-13 22:50:00+00:00,1,position_open
CHFJPY,2025-10-16 19:26:00+00:00,1,invalid_sl
CHFJPY,2025-10-29 20:30:00+00:00,1,invalid_sl
CHFJPY,2025-10-30 20:59:00+00:00,1,invalid_sl
CHFJPY,2025-11-03 04:53:00+00:00,1,position_open
CHFJPY,2025-11-12 18:56:00+00:00,-1,position_open
CHFJPY,2025-12-07 23:57:00+00:00,1,position_open
CHFJPY,2025-12-08 00:44:00+00:00,-1,position_open
CHFJPY,2025-12-08 04:00:00+00:00,1,position_open
CHFJPY,2025-12-10 01:13:00+00:00,-1,position_open
CHFJPY,2025-12-10 06:30:00+00:00,1,position_open
CHFJPY,2025-12-11 22:30:00+00:00,-1,invalid_sl
CHFJPY,2025-12-25 05:50:00+00:00,1,invalid_sl
CHFJPY,2025-12-29 23:03:00+00:00,-1,position_open
CHFJPY,2025-12-29 23:55:00+00:00,1,position_open
CHFJPY,2026-01-02 12:21:00+00:00,1,position_open
CHFJPY,2026-01-13 23:08:00+00:00,-1,position_open
CHFJPY,2026-01-13 23:47:00+00:00,1,position_open
CHFJPY,2026-01-14 00:39:00+00:00,-1,position_open
CHFJPY,2026-01-16 06:06:00+00:00,1,position_open
CHFJPY,2026-01-19 23:00:00+00:00,-1,invalid_sl
CHFJPY,2026-01-27 12:42:00+00:00,1,position_open
CHFJPY,2026-02-19 23:00:00+00:00,-1,invalid_sl
CHFJPY,2026-02-24 07:05:00+00:00,-1,invalid_sl
CHFJPY,2026-02-25 00:17:00+00:00,1,position_open
CHFJPY,2026-02-25 01:15:00+00:00,-1,position_open
CHFJPY,2026-02-25 02:24:00+00:00,-1,position_open
CHFJPY,2026-03-02 23:45:00+00:00,-1,position_open
CHFJPY,2026-03-19 04:21:00+00:00,-1,invalid_sl
CHFJPY,2026-04-07 22:00:00+00:00,-1,invalid_sl
CHFJPY,2026-04-20 22:00:00+00:00,-1,invalid_sl
CHFJPY,2026-04-24 16:10:00+00:00,1,invalid_sl
CHFJPY,2026-04-27 01:58:00+00:00,-1,position_open
CHFJPY,2026-04-27 02:22:00+00:00,1,position_open
CHFJPY,2026-04-27 03:22:00+00:00,1,position_open
CHFJPY,2026-04-27 04:12:00+00:00,-1,position_open
CHFJPY,2026-04-27 05:51:00+00:00,1,position_open
CHFJPY,2026-04-27 06:48:00+00:00,-1,position_open
CHFJPY,2026-04-27 09:00:00+00:00,1,position_open
CHFJPY,2026-04-27 11:17:00+00:00,-1,position_open
CHFJPY,2026-04-27 13:21:00+00:00,1,position_open
CHFJPY,2026-04-27 17:22:00+00:00,-1,position_open
CHFJPY,2026-04-27 21:55:00+00:00,1,position_open
CHFJPY,2026-04-28 02:01:00+00:00,-1,position_open
CHFJPY,2026-05-04 05:15:00+00:00,-1,invalid_sl
CHFJPY,2026-05-06 22:44:00+00:00,1,position_open
CHFJPY,2026-05-11 00:54:00+00:00,1,invalid_sl
CHFJPY,2026-05-12 22:00:00+00:00,-1,invalid_sl
CHFJPY,2026-05-14 13:44:00+00:00,1,invalid_sl
CHFJPY,2026-05-14 17:58:00+00:00,1,position_open
CHFJPY,2026-05-14 18:47:00+00:00,-1,position_open
CHFJPY,2026-05-14 19:38:00+00:00,1,position_open
CHFJPY,2026-05-14 21:39:00+00:00,-1,position_open
CHFJPY,2026-05-14 22:17:00+00:00,1,position_open
CHFJPY,2026-05-15 00:00:00+00:00,-1,position_open
CHFJPY,2026-05-15 07:02:00+00:00,-1,position_open
CHFJPY,2026-05-15 10:58:00+00:00,1,position_open
CHFJPY,2026-05-15 12:32:00+00:00,-1,position_open
CHFJPY,2026-05-15 14:37:00+00:00,1,position_open
CHFJPY,2026-05-15 15:57:00+00:00,-1,position_open
CHFJPY,2026-05-15 17:28:00+00:00,1,position_open
CHFJPY,2026-05-15 19:20:00+00:00,-1,position_open
CHFJPY,2026-05-15 20:11:00+00:00,1,position_open
CHFJPY,2026-05-17 23:20:00+00:00,1,position_open
CHFJPY,2026-05-18 22:00:00+00:00,-1,invalid_sl
CHFJPY,2026-05-25 22:00:00+00:00,-1,invalid_sl
CHFJPY,2026-06-02 23:02:00+00:00,1,position_open
CHFJPY,2026-06-03 00:05:00+00:00,-1,position_open
CHFJPY,2026-06-12 18:11:00+00:00,-1,invalid_sl
CHFJPY,2026-06-14 23:01:00+00:00,1,invalid_sl
CHFJPY,2026-06-21 21:40:00+00:00,-1,invalid_sl
CHFJPY,2026-06-23 20:59:00+00:00,1,invalid_sl
CHFJPY,2026-06-23 22:00:00+00:00,-1,invalid_sl
CHFJPY,2026-06-29 22:22:00+00:00,1,position_open
CHFJPY,2026-06-30 00:02:00+00:00,-1,position_open
CHFJPY,2026-06-30 03:26:00+00:00,1,invalid_sl
CHFJPY,2026-06-30 23:35:00+00:00,-1,position_open
EURGBP,2024-01-07 23:00:00+00:00,1,invalid_sl
EURGBP,2024-01-15 19:00:00+00:00,-1,invalid_sl
EURGBP,2024-01-17 00:52:00+00:00,-1,position_open
EURGBP,2024-01-23 04:27:00+00:00,1,position_open
EURGBP,2024-01-23 06:38:00+00:00,-1,position_open
EURGBP,2024-01-23 07:27:00+00:00,1,position_open
EURGBP,2024-01-23 08:47:00+00:00,-1,position_open
EURGBP,2024-01-25 23:37:00+00:00,-1,position_open
EURGBP,2024-01-26 00:03:00+00:00,1,position_open
EURGBP,2024-01-26 00:43:00+00:00,-1,position_open
EURGBP,2024-01-26 01:52:00+00:00,-1,position_open
EURGBP,2024-01-26 05:51:00+00:00,1,position_open
EURGBP,2024-01-29 21:54:00+00:00,1,invalid_sl
EURGBP,2024-01-31 00:54:00+00:00,1,invalid_sl
EURGBP,2024-02-11 23:31:00+00:00,1,invalid_sl
EURGBP,2024-02-27 10:57:00+00:00,-1,position_open
EURGBP,2024-02-28 08:49:00+00:00,1,invalid_sl
EURGBP,2024-03-01 07:00:00+00:00,-1,invalid_sl
EURGBP,2024-03-04 00:57:00+00:00,1,invalid_sl
EURGBP,2024-03-05 03:57:00+00:00,1,invalid_sl
EURGBP,2024-03-12 02:53:00+00:00,1,position_open
EURGBP,2024-03-13 01:27:00+00:00,-1,invalid_sl
EURGBP,2024-03-28 06:37:00+00:00,-1,invalid_sl
EURGBP,2024-03-28 19:27:00+00:00,-1,invalid_sl
EURGBP,2024-03-29 01:24:00+00:00,-1,invalid_sl
EURGBP,2024-04-12 00:52:00+00:00,-1,invalid_sl
EURGBP,2024-04-15 00:01:00+00:00,-1,position_open
EURGBP,2024-04-15 00:42:00+00:00,1,position_open
EURGBP,2024-04-16 23:27:00+00:00,1,position_open
EURGBP,2024-04-22 00:34:00+00:00,1,invalid_sl
EURGBP,2024-05-07 00:31:00+00:00,1,invalid_sl
EURGBP,2024-05-10 13:59:00+00:00,1,invalid_sl
EURGBP,2024-05-22 22:34:00+00:00,1,invalid_sl
EURGBP,2024-05-27 18:19:00+00:00,-1,invalid_sl
EURGBP,2024-05-27 19:29:00+00:00,1,invalid_sl
EURGBP,2024-05-29 01:30:00+00:00,1,position_open
EURGBP,2024-05-29 02:35:00+00:00,-1,position_open
EURGBP,2024-05-29 03:32:00+00:00,1,position_open
EURGBP,2024-05-29 05:25:00+00:00,-1,position_open
EURGBP,2024-06-03 20:00:00+00:00,1,invalid_sl
EURGBP,2024-06-04 00:04:00+00:00,-1,invalid_sl
EURGBP,2024-06-19 01:42:00+00:00,-1,invalid_sl
EURGBP,2024-06-19 22:50:00+00:00,1,position_open
EURGBP,2024-06-20 18:30:00+00:00,-1,position_open
EURGBP,2024-06-21 11:44:00+00:00,1,invalid_sl
EURGBP,2024-06-25 20:16:00+00:00,1,invalid_sl
EURGBP,2024-06-28 11:38:00+00:00,-1,position_open
EURGBP,2024-07-02 23:00:00+00:00,-1,position_open
EURGBP,2024-07-03 00:28:00+00:00,1,position_open
EURGBP,2024-07-03 02:51:00+00:00,-1,position_open
EURGBP,2024-07-03 22:36:00+00:00,1,position_open
EURGBP,2024-07-04 01:46:00+00:00,-1,position_open
EURGBP,2024-07-04 04:28:00+00:00,1,position_open
EURGBP,2024-07-04 05:41:00+00:00,1,position_open
EURGBP,2024-07-08 00:56:00+00:00,-1,position_open
EURGBP,2024-07-08 01:41:00+00:00,1,position_open
EURGBP,2024-07-08 05:11:00+00:00,-1,position_open
EURGBP,2024-07-08 07:27:00+00:00,1,position_open
EURGBP,2024-07-14 23:18:00+00:00,-1,position_open
EURGBP,2024-07-16 00:00:00+00:00,1,invalid_sl
EURGBP,2024-07-17 12:42:00+00:00,1,invalid_sl
EURGBP,2024-07-19 16:44:00+00:00,-1,position_open
EURGBP,2024-07-19 17:15:00+00:00,1,position_open
EURGBP,2024-07-28 22:54:00+00:00,1,invalid_sl
EURGBP,2024-07-30 23:43:00+00:00,-1,position_open
EURGBP,2024-08-04 23:21:00+00:00,1,invalid_sl
EURGBP,2024-08-14 22:44:00+00:00,1,position_open
EURGBP,2024-08-15 01:16:00+00:00,-1,position_open
EURGBP,2024-08-22 07:15:00+00:00,-1,invalid_sl
EURGBP,2024-08-22 22:43:00+00:00,1,position_open
EURGBP,2024-08-26 00:07:00+00:00,-1,position_open
EURGBP,2024-08-26 00:39:00+00:00,1,position_open
EURGBP,2024-08-26 02:49:00+00:00,1,position_open
EURGBP,2024-08-26 04:31:00+00:00,-1,position_open
EURGBP,2024-08-26 05:32:00+00:00,1,position_open
EURGBP,2024-08-26 06:58:00+00:00,1,position_open
EURGBP,2024-08-26 23:13:00+00:00,1,position_open
EURGBP,2024-08-28 03:44:00+00:00,-1,invalid_sl
EURGBP,2024-09-02 22:39:00+00:00,1,invalid_sl
EURGBP,2024-09-09 21:45:00+00:00,1,position_open
EURGBP,2024-09-17 23:52:00+00:00,1,position_open
EURGBP,2024-09-20 00:01:00+00:00,-1,invalid_sl
EURGBP,2024-09-25 23:13:00+00:00,1,position_open
EURGBP,2024-10-02 21:30:00+00:00,-1,invalid_sl
EURGBP,2024-10-06 23:02:00+00:00,1,position_open
EURGBP,2024-10-07 00:47:00+00:00,-1,position_open
EURGBP,2024-10-07 03:15:00+00:00,-1,position_open
EURGBP,2024-10-09 08:17:00+00:00,-1,invalid_sl
EURGBP,2024-10-16 01:23:00+00:00,1,invalid_sl
EURGBP,2024-10-16 22:00:00+00:00,-1,position_open
EURGBP,2024-10-16 23:11:00+00:00,-1,position_open
EURGBP,2024-10-17 02:12:00+00:00,-1,position_open
EURGBP,2024-10-17 03:25:00+00:00,1,position_open
EURGBP,2024-10-17 03:52:00+00:00,-1,position_open
EURGBP,2024-10-17 04:38:00+00:00,1,position_open
EURGBP,2024-10-17 05:28:00+00:00,-1,position_open
EURGBP,2024-10-17 09:45:00+00:00,1,position_open
EURGBP,2024-10-17 10:18:00+00:00,-1,position_open
EURGBP,2024-10-21 00:42:00+00:00,1,position_open
EURGBP,2024-10-21 02:38:00+00:00,-1,position_open
EURGBP,2024-10-21 06:15:00+00:00,1,position_open
EURGBP,2024-10-24 04:43:00+00:00,1,invalid_sl
EURGBP,2024-10-29 22:00:00+00:00,-1,position_open
EURGBP,2024-10-29 22:44:00+00:00,1,position_open
EURGBP,2024-11-06 08:39:00+00:00,1,invalid_sl
EURGBP,2024-11-11 23:00:00+00:00,-1,invalid_sl
EURGBP,2024-11-13 03:27:00+00:00,1,position_open
EURGBP,2024-11-27 14:06:00+00:00,1,position_open
EURGBP,2024-11-27 15:43:00+00:00,-1,position_open
EURGBP,2024-12-09 13:56:00+00:00,-1,invalid_sl
EURGBP,2024-12-27 00:30:00+00:00,1,invalid_sl
EURGBP,2024-12-30 10:13:00+00:00,1,invalid_sl
EURGBP,2025-01-03 21:59:00+00:00,1,invalid_sl
EURGBP,2025-01-08 10:34:00+00:00,-1,invalid_sl
EURGBP,2025-01-08 20:47:00+00:00,-1,position_open
EURGBP,2025-01-08 21:59:00+00:00,1,position_open
EURGBP,2025-01-10 00:00:00+00:00,1,invalid_sl
EURGBP,2025-01-15 17:40:00+00:00,-1,position_open
EURGBP,2025-01-15 18:45:00+00:00,-1,position_open
EURGBP,2025-01-15 19:42:00+00:00,1,position_open
EURGBP,2025-01-15 21:17:00+00:00,-1,position_open
EURGBP,2025-01-16 01:42:00+00:00,1,position_open
EURGBP,2025-01-16 11:57:00+00:00,-1,invalid_sl
EURGBP,2025-01-19 23:49:00+00:00,1,invalid_sl
EURGBP,2025-01-29 11:15:00+00:00,1,invalid_sl
EURGBP,2025-01-30 19:45:00+00:00,1,position_open
EURGBP,2025-01-30 20:30:00+00:00,-1,position_open
EURGBP,2025-01-31 09:00:00+00:00,1,invalid_sl
EURGBP,2025-02-04 04:31:00+00:00,1,invalid_sl
EURGBP,2025-02-12 04:49:00+00:00,1,invalid_sl
EURGBP,2025-02-12 13:30:00+00:00,-1,invalid_sl
EURGBP,2025-02-20 23:45:00+00:00,-1,position_open
EURGBP,2025-02-24 18:45:00+00:00,1,invalid_sl
EURGBP,2025-02-27 22:59:00+00:00,-1,invalid_sl
EURGBP,2025-03-03 18:05:00+00:00,-1,invalid_sl
EURGBP,2025-03-03 22:56:00+00:00,-1,position_open
EURGBP,2025-03-07 02:34:00+00:00,1,invalid_sl
EURGBP,2025-03-10 00:00:00+00:00,1,invalid_sl
EURGBP,2025-03-17 22:54:00+00:00,1,position_open
EURGBP,2025-03-18 22:00:00+00:00,-1,invalid_sl
EURGBP,2025-03-19 22:42:00+00:00,1,invalid_sl
EURGBP,2025-03-23 21:23:00+00:00,1,invalid_sl
EURGBP,2025-03-26 07:00:00+00:00,-1,invalid_sl
EURGBP,2025-03-31 14:55:00+00:00,-1,position_open
EURGBP,2025-04-13 22:00:00+00:00,-1,invalid_sl
EURGBP,2025-04-17 22:14:00+00:00,-1,position_open
EURGBP,2025-04-22 05:30:00+00:00,1,invalid_sl
EURGBP,2025-04-25 00:18:00+00:00,-1,position_open
EURGBP,2025-05-07 02:46:00+00:00,1,position_open
EURGBP,2025-05-08 10:57:00+00:00,-1,invalid_sl
EURGBP,2025-05-23 11:44:00+00:00,1,invalid_sl
EURGBP,2025-05-29 11:03:00+00:00,1,invalid_sl
EURGBP,2025-06-02 13:07:00+00:00,-1,position_open
EURGBP,2025-06-03 08:40:00+00:00,1,position_open
EURGBP,2025-06-04 22:00:00+00:00,-1,invalid_sl
EURGBP,2025-06-06 18:34:00+00:00,1,position_open
EURGBP,2025-06-10 06:00:00+00:00,-1,invalid_sl
EURGBP,2025-06-10 17:56:00+00:00,1,invalid_sl
EURGBP,2025-06-10 22:00:00+00:00,-1,invalid_sl
EURGBP,2025-06-11 22:54:00+00:00,1,position_open
EURGBP,2025-06-13 03:50:00+00:00,1,position_open
EURGBP,2025-06-13 05:14:00+00:00,1,position_open
EURGBP,2025-06-24 18:07:00+00:00,-1,position_open
EURGBP,2025-07-01 20:59:00+00:00,1,invalid_sl
EURGBP,2025-07-18 20:47:00+00:00,1,invalid_sl
EURGBP,2025-08-04 14:00:00+00:00,-1,invalid_sl
EURGBP,2025-08-18 00:57:00+00:00,-1,invalid_sl
EURGBP,2025-08-18 22:00:00+00:00,-1,invalid_sl
EURGBP,2025-08-19 17:00:00+00:00,-1,position_open
EURGBP,2025-08-21 23:04:00+00:00,1,invalid_sl
EURGBP,2025-08-22 14:00:00+00:00,-1,invalid_sl
EURGBP,2025-08-26 00:03:00+00:00,-1,invalid_sl
EURGBP,2025-08-28 22:02:00+00:00,-1,invalid_sl
EURGBP,2025-09-11 23:00:00+00:00,1,invalid_sl
EURGBP,2025-09-18 09:33:00+00:00,1,invalid_sl
EURGBP,2025-09-18 22:00:00+00:00,-1,invalid_sl
EURGBP,2025-09-24 22:12:00+00:00,1,position_open
EURGBP,2025-09-25 02:18:00+00:00,-1,position_open
EURGBP,2025-09-25 03:18:00+00:00,1,position_open
EURGBP,2025-09-25 04:48:00+00:00,-1,position_open
EURGBP,2025-09-25 07:03:00+00:00,-1,position_open
EURGBP,2025-10-21 21:21:00+00:00,-1,invalid_sl
EURGBP,2025-10-23 23:24:00+00:00,-1,position_open
EURGBP,2025-10-24 01:09:00+00:00,-1,position_open
EURGBP,2025-10-27 22:49:00+00:00,1,invalid_sl
EURGBP,2025-11-11 17:26:00+00:00,-1,invalid_sl
EURGBP,2025-11-11 22:00:00+00:00,1,invalid_sl
EURGBP,2025-11-12 11:39:00+00:00,-1,position_open
EURGBP,2025-11-12 12:45:00+00:00,1,position_open
EURGBP,2025-11-18 11:29:00+00:00,1,position_open
EURGBP,2025-11-20 23:00:00+00:00,-1,invalid_sl
EURGBP,2025-12-09 22:55:00+00:00,1,position_open
EURGBP,2025-12-09 23:00:00+00:00,-1,position_open
EURGBP,2025-12-09 23:42:00+00:00,1,position_open
EURGBP,2025-12-10 00:40:00+00:00,-1,position_open
EURGBP,2025-12-10 01:45:00+00:00,-1,position_open
EURGBP,2025-12-10 07:25:00+00:00,-1,position_open
EURGBP,2025-12-10 11:51:00+00:00,1,invalid_sl
EURGBP,2025-12-10 18:29:00+00:00,1,position_open
EURGBP,2025-12-12 14:23:00+00:00,1,position_open
EURGBP,2025-12-17 23:00:00+00:00,-1,invalid_sl
EURGBP,2025-12-26 20:37:00+00:00,1,invalid_sl
EURGBP,2026-01-05 01:10:00+00:00,-1,position_open
EURGBP,2026-01-05 08:00:00+00:00,1,position_open
EURGBP,2026-01-05 08:59:00+00:00,-1,position_open
EURGBP,2026-01-08 00:33:00+00:00,1,position_open
EURGBP,2026-01-16 01:34:00+00:00,-1,position_open
EURGBP,2026-01-20 23:00:00+00:00,-1,invalid_sl
EURGBP,2026-01-22 02:30:00+00:00,1,invalid_sl
EURGBP,2026-01-23 02:30:00+00:00,1,invalid_sl
EURGBP,2026-01-23 04:38:00+00:00,1,invalid_sl
EURGBP,2026-01-23 07:00:00+00:00,1,invalid_sl
EURGBP,2026-02-04 03:00:00+00:00,1,invalid_sl
EURGBP,2026-02-13 05:57:00+00:00,1,invalid_sl
EURGBP,2026-03-16 23:14:00+00:00,-1,invalid_sl
EURGBP,2026-03-23 04:44:00+00:00,-1,position_open
EURGBP,2026-03-23 20:37:00+00:00,1,invalid_sl
EURGBP,2026-03-29 22:00:00+00:00,-1,invalid_sl
EURGBP,2026-04-05 21:59:00+00:00,1,position_open
EURGBP,2026-04-05 23:41:00+00:00,-1,position_open
EURGBP,2026-04-08 07:31:00+00:00,1,position_open
EURGBP,2026-04-14 23:50:00+00:00,-1,position_open
EURGBP,2026-04-15 06:52:00+00:00,1,position_open
EURGBP,2026-04-15 07:40:00+00:00,1,position_open
EURGBP,2026-04-23 23:27:00+00:00,1,invalid_sl
EURGBP,2026-04-24 00:04:00+00:00,-1,invalid_sl
EURGBP,2026-04-27 18:51:00+00:00,-1,invalid_sl
EURGBP,2026-04-30 11:00:00+00:00,-1,invalid_sl
EURGBP,2026-05-13 05:04:00+00:00,1,invalid_sl
EURGBP,2026-06-01 20:59:00+00:00,1,invalid_sl
EURGBP,2026-06-02 23:04:00+00:00,1,position_open
EURGBP,2026-06-03 01:47:00+00:00,-1,position_open
EURGBP,2026-06-03 04:16:00+00:00,1,position_open
EURGBP,2026-06-03 05:51:00+00:00,1,position_open
EURGBP,2026-06-07 22:00:00+00:00,-1,invalid_sl
EURGBP,2026-06-16 22:56:00+00:00,1,position_open
EURGBP,2026-06-17 03:36:00+00:00,1,position_open
EURGBP,2026-06-17 04:32:00+00:00,-1,position_open
EURGBP,2026-06-17 20:38:00+00:00,-1,position_open
EURGBP,2026-06-18 21:43:00+00:00,1,invalid_sl
EURGBP,2026-06-19 04:01:00+00:00,-1,invalid_sl
EURGBP,2026-06-19 17:42:00+00:00,-1,invalid_sl
EURGBP,2026-06-24 20:56:00+00:00,1,invalid_sl
EURAUD,2024-01-25 21:59:00+00:00,1,invalid_sl
EURAUD,2024-01-30 06:01:00+00:00,-1,invalid_sl
EURAUD,2024-01-31 19:00:00+00:00,-1,invalid_sl
EURAUD,2024-02-05 02:15:00+00:00,-1,invalid_sl
EURAUD,2024-02-07 05:31:00+00:00,1,invalid_sl
EURAUD,2024-03-01 21:59:00+00:00,1,invalid_sl
EURAUD,2024-03-12 19:11:00+00:00,-1,position_open
EURAUD,2024-03-15 11:56:00+00:00,-1,invalid_sl
EURAUD,2024-03-18 07:31:00+00:00,1,invalid_sl
EURAUD,2024-03-25 23:42:00+00:00,1,invalid_sl
EURAUD,2024-03-26 21:40:00+00:00,1,invalid_sl
EURAUD,2024-03-27 09:01:00+00:00,1,invalid_sl
EURAUD,2024-04-03 14:00:00+00:00,1,invalid_sl
EURAUD,2024-04-26 20:33:00+00:00,-1,invalid_sl
EURAUD,2024-05-03 04:08:00+00:00,1,invalid_sl
EURAUD,2024-05-07 11:11:00+00:00,-1,position_open
EURAUD,2024-05-08 23:04:00+00:00,-1,position_open
EURAUD,2024-05-08 23:25:00+00:00,1,position_open
EURAUD,2024-05-21 23:31:00+00:00,-1,position_open
EURAUD,2024-05-29 05:47:00+00:00,1,position_open
EURAUD,2024-05-29 06:38:00+00:00,-1,position_open
EURAUD,2024-05-30 01:01:00+00:00,-1,position_open
EURAUD,2024-06-26 20:59:00+00:00,1,invalid_sl
EURAUD,2024-06-27 23:07:00+00:00,1,invalid_sl
EURAUD,2024-07-02 13:37:00+00:00,1,invalid_sl
EURAUD,2024-07-02 14:10:00+00:00,-1,invalid_sl
EURAUD,2024-07-03 01:29:00+00:00,1,invalid_sl
EURAUD,2024-07-10 22:02:00+00:00,1,position_open
EURAUD,2024-07-10 23:12:00+00:00,-1,position_open
EURAUD,2024-07-17 23:50:00+00:00,1,invalid_sl
EURAUD,2024-07-25 20:37:00+00:00,1,position_open
EURAUD,2024-07-26 00:45:00+00:00,-1,position_open
EURAUD,2024-07-30 20:59:00+00:00,1,invalid_sl
EURAUD,2024-08-02 20:59:00+00:00,1,invalid_sl
EURAUD,2024-08-11 21:12:00+00:00,1,invalid_sl
EURAUD,2024-08-13 20:50:00+00:00,-1,invalid_sl
EURAUD,2024-09-02 20:59:00+00:00,1,position_open
EURAUD,2024-09-02 21:54:00+00:00,1,position_open
EURAUD,2024-09-12 12:47:00+00:00,-1,position_open
EURAUD,2024-09-23 22:03:00+00:00,1,position_open
EURAUD,2024-09-23 22:39:00+00:00,-1,position_open
EURAUD,2024-10-02 18:22:00+00:00,-1,invalid_sl
EURAUD,2024-10-20 21:59:00+00:00,1,invalid_sl
EURAUD,2024-11-28 23:23:00+00:00,1,position_open
EURAUD,2024-11-29 00:01:00+00:00,-1,position_open
EURAUD,2024-11-29 00:56:00+00:00,1,position_open
EURAUD,2024-11-29 01:37:00+00:00,-1,position_open
EURAUD,2024-12-05 19:59:00+00:00,-1,invalid_sl
EURAUD,2024-12-25 02:41:00+00:00,1,invalid_sl
EURAUD,2024-12-27 01:38:00+00:00,-1,position_open
EURAUD,2024-12-27 04:31:00+00:00,1,invalid_sl
EURAUD,2025-01-03 21:59:00+00:00,1,invalid_sl
EURAUD,2025-01-20 21:18:00+00:00,-1,position_open
EURAUD,2025-01-21 08:49:00+00:00,-1,position_open
EURAUD,2025-02-23 23:56:00+00:00,1,position_open
EURAUD,2025-02-24 00:07:00+00:00,-1,position_open
EURAUD,2025-03-05 07:26:00+00:00,-1,invalid_sl
EURAUD,2025-04-03 08:10:00+00:00,1,position_open
EURAUD,2025-04-03 08:40:00+00:00,-1,position_open
EURAUD,2025-04-07 02:48:00+00:00,-1,position_open
EURAUD,2025-04-07 05:10:00+00:00,1,position_open
EURAUD,2025-04-17 21:25:00+00:00,-1,invalid_sl
EURAUD,2025-04-18 20:45:00+00:00,1,invalid_sl
EURAUD,2025-04-21 13:41:00+00:00,-1,invalid_sl
EURAUD,2025-04-21 22:42:00+00:00,1,invalid_sl
EURAUD,2025-04-23 03:19:00+00:00,1,position_open
EURAUD,2025-04-23 04:09:00+00:00,-1,position_open
EURAUD,2025-04-29 19:55:00+00:00,-1,invalid_sl
EURAUD,2025-05-05 05:39:00+00:00,-1,invalid_sl
EURAUD,2025-05-12 03:27:00+00:00,-1,position_open
EURAUD,2025-05-25 21:44:00+00:00,1,invalid_sl
EURAUD,2025-07-08 14:28:00+00:00,1,position_open
EURAUD,2025-07-08 22:29:00+00:00,1,position_open
EURAUD,2025-07-09 00:53:00+00:00,-1,position_open
EURAUD,2025-07-09 01:31:00+00:00,-1,position_open
EURAUD,2025-07-09 03:20:00+00:00,1,position_open
EURAUD,2025-07-09 04:21:00+00:00,-1,position_open
EURAUD,2025-07-09 19:55:00+00:00,1,invalid_sl
EURAUD,2025-07-24 22:40:00+00:00,-1,position_open
EURAUD,2025-07-25 01:30:00+00:00,1,position_open
EURAUD,2025-08-04 23:58:00+00:00,-1,position_open
EURAUD,2025-08-05 01:15:00+00:00,-1,position_open
EURAUD,2025-08-05 02:44:00+00:00,1,position_open
EURAUD,2025-08-05 05:56:00+00:00,-1,invalid_sl
EURAUD,2025-08-28 23:53:00+00:00,1,invalid_sl
EURAUD,2025-09-22 06:30:00+00:00,1,invalid_sl
EURAUD,2025-09-25 07:58:00+00:00,-1,invalid_sl
EURAUD,2025-10-07 23:06:00+00:00,-1,position_open
EURAUD,2025-10-08 00:13:00+00:00,1,position_open
EURAUD,2025-10-10 05:00:00+00:00,1,invalid_sl
EURAUD,2025-10-13 20:59:00+00:00,1,invalid_sl
EURAUD,2025-10-27 16:29:00+00:00,-1,invalid_sl
EURAUD,2025-10-30 00:12:00+00:00,-1,position_open
EURAUD,2025-11-04 22:57:00+00:00,1,invalid_sl
EURAUD,2025-11-12 22:55:00+00:00,1,invalid_sl
EURAUD,2025-11-24 08:00:00+00:00,-1,invalid_sl
EURAUD,2025-12-01 00:29:00+00:00,1,position_open
EURAUD,2025-12-03 02:16:00+00:00,-1,position_open
EURAUD,2025-12-03 03:31:00+00:00,-1,position_open
EURAUD,2025-12-03 08:24:00+00:00,1,position_open
EURAUD,2025-12-03 10:54:00+00:00,1,position_open
EURAUD,2025-12-08 22:30:00+00:00,-1,invalid_sl
EURAUD,2025-12-10 05:04:00+00:00,-1,invalid_sl
EURAUD,2025-12-12 13:26:00+00:00,-1,position_open
EURAUD,2025-12-22 22:03:00+00:00,1,invalid_sl
EURAUD,2025-12-22 23:05:00+00:00,-1,position_open
EURAUD,2025-12-22 23:41:00+00:00,1,position_open
EURAUD,2025-12-25 07:48:00+00:00,-1,invalid_sl
EURAUD,2025-12-26 12:55:00+00:00,-1,invalid_sl
EURAUD,2026-01-09 05:16:00+00:00,-1,invalid_sl
EURAUD,2026-01-19 18:50:00+00:00,-1,position_open
EURAUD,2026-01-19 20:59:00+00:00,-1,position_open
EURAUD,2026-01-19 21:32:00+00:00,1,position_open
EURAUD,2026-01-26 04:07:00+00:00,1,invalid_sl
EURAUD,2026-01-28 02:44:00+00:00,-1,position_open
EURAUD,2026-02-05 07:53:00+00:00,1,position_open
EURAUD,2026-02-05 09:16:00+00:00,1,position_open
EURAUD,2026-02-05 09:58:00+00:00,-1,position_open
EURAUD,2026-02-05 11:30:00+00:00,-1,position_open
EURAUD,2026-02-05 12:56:00+00:00,1,position_open
EURAUD,2026-02-16 23:05:00+00:00,1,position_open
EURAUD,2026-02-17 00:02:00+00:00,1,position_open
EURAUD,2026-02-18 07:41:00+00:00,1,invalid_sl
EURAUD,2026-02-19 00:30:00+00:00,1,invalid_sl
EURAUD,2026-02-27 01:53:00+00:00,1,invalid_sl
EURAUD,2026-03-24 15:56:00+00:00,-1,invalid_sl
EURAUD,2026-03-27 13:45:00+00:00,1,invalid_sl
EURAUD,2026-04-08 04:55:00+00:00,-1,invalid_sl
EURAUD,2026-04-16 02:47:00+00:00,-1,invalid_sl
EURAUD,2026-05-18 06:08:00+00:00,1,invalid_sl
EURAUD,2026-05-20 20:59:00+00:00,1,invalid_sl
EURAUD,2026-05-21 20:59:00+00:00,1,invalid_sl
EURAUD,2026-05-21 22:40:00+00:00,1,position_open
EURAUD,2026-05-26 22:56:00+00:00,1,position_open
EURAUD,2026-05-27 01:26:00+00:00,-1,position_open
EURAUD,2026-06-03 21:52:00+00:00,1,invalid_sl
EURAUD,2026-06-09 08:12:00+00:00,1,invalid_sl
EURAUD,2026-06-22 22:56:00+00:00,1,position_open
EURCHF,2024-01-04 20:08:00+00:00,-1,invalid_sl
EURCHF,2024-01-05 21:12:00+00:00,1,position_open
EURCHF,2024-01-07 22:50:00+00:00,-1,invalid_sl
EURCHF,2024-01-17 10:45:00+00:00,-1,invalid_sl
EURCHF,2024-02-01 23:35:00+00:00,1,position_open
EURCHF,2024-02-02 00:21:00+00:00,-1,position_open
EURCHF,2024-02-02 02:34:00+00:00,-1,position_open
EURCHF,2024-02-02 05:49:00+00:00,1,position_open
EURCHF,2024-02-16 14:45:00+00:00,1,invalid_sl
EURCHF,2024-02-19 00:00:00+00:00,1,position_open
EURCHF,2024-02-19 00:49:00+00:00,-1,position_open
EURCHF,2024-02-19 09:31:00+00:00,-1,invalid_sl
EURCHF,2024-03-06 23:58:00+00:00,1,invalid_sl
EURCHF,2024-03-08 00:47:00+00:00,-1,position_open
EURCHF,2024-03-08 01:33:00+00:00,1,position_open
EURCHF,2024-03-08 02:08:00+00:00,-1,position_open
EURCHF,2024-03-08 03:33:00+00:00,1,position_open
EURCHF,2024-03-08 05:01:00+00:00,-1,position_open
EURCHF,2024-03-13 00:23:00+00:00,1,invalid_sl
EURCHF,2024-03-18 01:31:00+00:00,1,position_open
EURCHF,2024-03-18 02:46:00+00:00,-1,position_open
EURCHF,2024-03-18 05:10:00+00:00,1,position_open
EURCHF,2024-03-21 17:01:00+00:00,-1,position_open
EURCHF,2024-03-22 01:36:00+00:00,1,position_open
EURCHF,2024-03-22 03:52:00+00:00,-1,position_open
EURCHF,2024-03-22 08:54:00+00:00,1,position_open
EURCHF,2024-03-22 12:30:00+00:00,-1,position_open
EURCHF,2024-04-07 21:49:00+00:00,-1,invalid_sl
EURCHF,2024-04-10 17:31:00+00:00,1,invalid_sl
EURCHF,2024-04-11 22:58:00+00:00,1,invalid_sl
EURCHF,2024-04-18 07:28:00+00:00,-1,invalid_sl
EURCHF,2024-04-18 23:24:00+00:00,1,invalid_sl
EURCHF,2024-04-23 10:32:00+00:00,1,position_open
EURCHF,2024-05-01 00:22:00+00:00,1,position_open
EURCHF,2024-05-01 00:40:00+00:00,-1,position_open
EURCHF,2024-05-01 01:45:00+00:00,-1,position_open
EURCHF,2024-05-01 02:19:00+00:00,1,position_open
EURCHF,2024-05-01 03:27:00+00:00,1,position_open
EURCHF,2024-05-06 10:07:00+00:00,1,invalid_sl
EURCHF,2024-05-09 12:29:00+00:00,1,invalid_sl
EURCHF,2024-05-20 21:36:00+00:00,-1,invalid_sl
EURCHF,2024-05-23 12:00:00+00:00,-1,invalid_sl
EURCHF,2024-05-24 18:29:00+00:00,-1,position_open
EURCHF,2024-05-27 20:29:00+00:00,1,invalid_sl
EURCHF,2024-05-27 23:23:00+00:00,1,position_open
EURCHF,2024-05-28 00:43:00+00:00,-1,position_open
EURCHF,2024-05-28 04:01:00+00:00,1,position_open
EURCHF,2024-05-28 05:39:00+00:00,-1,position_open
EURCHF,2024-06-10 23:09:00+00:00,1,invalid_sl
EURCHF,2024-06-12 22:52:00+00:00,1,position_open
EURCHF,2024-06-17 04:43:00+00:00,-1,position_open
EURCHF,2024-06-17 06:00:00+00:00,1,invalid_sl
EURCHF,2024-06-19 01:34:00+00:00,-1,invalid_sl
EURCHF,2024-06-27 21:42:00+00:00,1,invalid_sl
EURCHF,2024-07-04 00:17:00+00:00,1,position_open
EURCHF,2024-07-04 01:11:00+00:00,-1,position_open
EURCHF,2024-07-04 22:10:00+00:00,-1,invalid_sl
EURCHF,2024-07-09 22:20:00+00:00,1,position_open
EURCHF,2024-07-17 00:56:00+00:00,1,invalid_sl
EURCHF,2024-07-23 23:45:00+00:00,1,invalid_sl
EURCHF,2024-07-28 22:00:00+00:00,-1,invalid_sl
EURCHF,2024-07-29 22:00:00+00:00,1,invalid_sl
EURCHF,2024-07-30 03:37:00+00:00,1,invalid_sl
EURCHF,2024-08-02 04:13:00+00:00,-1,invalid_sl
EURCHF,2024-08-05 22:54:00+00:00,1,position_open
EURCHF,2024-08-14 05:00:00+00:00,-1,position_open
EURCHF,2024-08-14 06:13:00+00:00,-1,position_open
EURCHF,2024-08-14 17:10:00+00:00,1,invalid_sl
EURCHF,2024-08-15 22:25:00+00:00,1,position_open
EURCHF,2024-08-15 23:38:00+00:00,1,position_open
EURCHF,2024-08-16 00:25:00+00:00,-1,position_open
EURCHF,2024-08-16 05:43:00+00:00,1,position_open
EURCHF,2024-08-29 08:00:00+00:00,1,invalid_sl
EURCHF,2024-08-29 21:06:00+00:00,1,invalid_sl
EURCHF,2024-08-29 21:56:00+00:00,1,position_open
EURCHF,2024-09-04 16:04:00+00:00,1,invalid_sl
EURCHF,2024-09-17 21:30:00+00:00,-1,invalid_sl
EURCHF,2024-09-22 22:57:00+00:00,1,invalid_sl
EURCHF,2024-10-03 20:59:00+00:00,1,invalid_sl
EURCHF,2024-10-07 22:33:00+00:00,1,invalid_sl
EURCHF,2024-10-07 23:49:00+00:00,1,position_open
EURCHF,2024-10-20 22:46:00+00:00,1,position_open
EURCHF,2024-10-20 23:51:00+00:00,-1,position_open
EURCHF,2024-10-21 00:06:00+00:00,1,position_open
EURCHF,2024-10-21 01:02:00+00:00,1,position_open
EURCHF,2024-10-21 02:16:00+00:00,-1,position_open
EURCHF,2024-10-25 14:40:00+00:00,-1,invalid_sl
EURCHF,2024-10-30 04:34:00+00:00,-1,invalid_sl
EURCHF,2024-11-03 23:00:00+00:00,1,invalid_sl
EURCHF,2024-11-05 23:00:00+00:00,-1,invalid_sl
EURCHF,2024-11-17 22:14:00+00:00,1,invalid_sl
EURCHF,2024-12-01 22:30:00+00:00,-1,invalid_sl
EURCHF,2024-12-06 00:21:00+00:00,-1,position_open
EURCHF,2024-12-13 21:59:00+00:00,1,invalid_sl
EURCHF,2024-12-26 03:04:00+00:00,-1,position_open
EURCHF,2024-12-26 03:37:00+00:00,1,position_open
EURCHF,2024-12-26 07:43:00+00:00,-1,position_open
EURCHF,2024-12-26 10:59:00+00:00,1,position_open
EURCHF,2024-12-30 00:00:00+00:00,1,invalid_sl
EURCHF,2025-01-02 20:36:00+00:00,1,position_open
EURCHF,2025-01-02 22:59:00+00:00,-1,position_open
EURCHF,2025-01-02 23:18:00+00:00,1,position_open
EURCHF,2025-01-03 02:03:00+00:00,-1,position_open
EURCHF,2025-01-03 03:58:00+00:00,1,position_open
EURCHF,2025-01-03 06:45:00+00:00,-1,position_open
EURCHF,2025-01-03 12:00:00+00:00,1,position_open
EURCHF,2025-01-03 14:34:00+00:00,1,position_open
EURCHF,2025-01-03 15:34:00+00:00,-1,position_open
EURCHF,2025-01-03 16:10:00+00:00,1,position_open
EURCHF,2025-01-03 18:21:00+00:00,1,position_open
EURCHF,2025-01-05 23:49:00+00:00,1,position_open
EURCHF,2025-01-10 02:37:00+00:00,1,position_open
EURCHF,2025-01-10 04:36:00+00:00,1,position_open
EURCHF,2025-01-10 06:29:00+00:00,-1,position_open
EURCHF,2025-01-10 08:11:00+00:00,1,position_open
EURCHF,2025-01-30 13:15:00+00:00,-1,invalid_sl
EURCHF,2025-02-03 21:19:00+00:00,-1,invalid_sl
EURCHF,2025-02-12 14:30:00+00:00,1,invalid_sl
EURCHF,2025-02-12 22:19:00+00:00,-1,invalid_sl
EURCHF,2025-02-19 03:51:00+00:00,-1,position_open
EURCHF,2025-02-19 04:06:00+00:00,1,position_open
EURCHF,2025-02-19 04:39:00+00:00,-1,position_open
EURCHF,2025-02-19 07:00:00+00:00,-1,invalid_sl
EURCHF,2025-03-02 23:04:00+00:00,1,invalid_sl
EURCHF,2025-03-10 23:08:00+00:00,-1,position_open
EURCHF,2025-04-06 21:28:00+00:00,-1,invalid_sl
EURCHF,2025-04-23 04:52:00+00:00,-1,position_open
EURCHF,2025-04-23 22:00:00+00:00,-1,position_open
EURCHF,2025-05-07 22:46:00+00:00,1,invalid_sl
EURCHF,2025-05-13 12:29:00+00:00,1,invalid_sl
EURCHF,2025-05-22 23:13:00+00:00,-1,invalid_sl
EURCHF,2025-05-27 00:33:00+00:00,-1,position_open
EURCHF,2025-06-10 22:00:00+00:00,-1,invalid_sl
EURCHF,2025-06-16 00:00:00+00:00,1,invalid_sl
EURCHF,2025-06-16 21:30:00+00:00,-1,invalid_sl
EURCHF,2025-06-17 05:16:00+00:00,1,invalid_sl
EURCHF,2025-06-17 15:41:00+00:00,-1,invalid_sl
EURCHF,2025-07-10 21:04:00+00:00,1,invalid_sl
EURCHF,2025-07-11 08:54:00+00:00,1,invalid_sl
EURCHF,2025-07-17 12:30:00+00:00,-1,invalid_sl
EURCHF,2025-07-21 03:45:00+00:00,1,invalid_sl
EURCHF,2025-07-28 12:00:00+00:00,-1,invalid_sl
EURCHF,2025-08-04 20:59:00+00:00,1,invalid_sl
EURCHF,2025-08-05 06:00:00+00:00,1,invalid_sl
EURCHF,2025-08-07 05:54:00+00:00,1,invalid_sl
EURCHF,2025-08-11 22:00:00+00:00,-1,invalid_sl
EURCHF,2025-08-28 23:28:00+00:00,1,position_open
EURCHF,2025-09-02 22:52:00+00:00,1,position_open
EURCHF,2025-09-04 01:17:00+00:00,-1,position_open
EURCHF,2025-09-04 01:37:00+00:00,1,position_open
EURCHF,2025-09-04 02:19:00+00:00,-1,position_open
EURCHF,2025-09-04 04:41:00+00:00,-1,position_open
EURCHF,2025-09-11 19:58:00+00:00,1,position_open
EURCHF,2025-09-14 23:01:00+00:00,-1,position_open
EURCHF,2025-09-15 02:08:00+00:00,1,position_open
EURCHF,2025-09-15 05:38:00+00:00,-1,position_open
EURCHF,2025-09-15 06:17:00+00:00,1,position_open
EURCHF,2025-09-15 22:31:00+00:00,1,position_open
EURCHF,2025-09-16 01:01:00+00:00,-1,position_open
EURCHF,2025-09-16 02:09:00+00:00,1,position_open
EURCHF,2025-09-16 05:06:00+00:00,-1,invalid_sl
EURCHF,2025-09-23 18:22:00+00:00,-1,invalid_sl
EURCHF,2025-09-24 06:01:00+00:00,-1,invalid_sl
EURCHF,2025-09-29 21:28:00+00:00,-1,invalid_sl
EURCHF,2025-11-05 19:59:00+00:00,-1,invalid_sl
EURCHF,2025-11-06 13:00:00+00:00,1,invalid_sl
EURCHF,2025-11-07 02:18:00+00:00,-1,invalid_sl
EURCHF,2025-11-12 00:00:00+00:00,1,invalid_sl
EURCHF,2025-11-12 02:51:00+00:00,-1,invalid_sl
EURCHF,2025-11-16 22:50:00+00:00,1,invalid_sl
EURCHF,2025-11-25 18:58:00+00:00,-1,position_open
EURCHF,2025-11-25 23:36:00+00:00,1,invalid_sl
EURCHF,2025-12-02 06:04:00+00:00,1,position_open
EURCHF,2025-12-02 07:46:00+00:00,-1,position_open
EURCHF,2025-12-08 01:33:00+00:00,-1,position_open
EURCHF,2025-12-08 06:20:00+00:00,1,position_open
EURCHF,2025-12-11 23:00:00+00:00,-1,invalid_sl
EURCHF,2025-12-15 00:47:00+00:00,1,invalid_sl
EURCHF,2025-12-29 16:25:00+00:00,-1,invalid_sl
EURCHF,2025-12-30 02:44:00+00:00,1,position_open
EURCHF,2025-12-30 04:01:00+00:00,-1,position_open
EURCHF,2025-12-30 07:53:00+00:00,-1,position_open
EURCHF,2025-12-30 08:30:00+00:00,1,position_open
EURCHF,2025-12-31 03:11:00+00:00,1,invalid_sl
EURCHF,2025-12-31 04:21:00+00:00,1,invalid_sl
EURCHF,2026-01-02 03:53:00+00:00,1,position_open
EURCHF,2026-01-12 23:45:00+00:00,1,invalid_sl
EURCHF,2026-02-02 18:01:00+00:00,-1,invalid_sl
EURCHF,2026-02-03 03:31:00+00:00,-1,invalid_sl
EURCHF,2026-02-22 23:58:00+00:00,-1,position_open
EURCHF,2026-02-26 07:28:00+00:00,-1,invalid_sl
EURCHF,2026-03-02 03:44:00+00:00,1,position_open
EURCHF,2026-03-09 02:52:00+00:00,1,position_open
EURCHF,2026-03-09 05:10:00+00:00,-1,position_open
EURCHF,2026-03-09 06:00:00+00:00,1,position_open
EURCHF,2026-03-23 00:29:00+00:00,1,position_open
EURCHF,2026-03-23 01:12:00+00:00,1,position_open
EURCHF,2026-03-23 06:29:00+00:00,-1,position_open
EURCHF,2026-03-24 08:15:00+00:00,-1,invalid_sl
EURCHF,2026-04-01 18:05:00+00:00,-1,position_open
EURCHF,2026-04-01 19:58:00+00:00,1,position_open
EURCHF,2026-04-01 20:29:00+00:00,-1,position_open
EURCHF,2026-04-01 23:57:00+00:00,-1,position_open
EURCHF,2026-04-02 03:24:00+00:00,1,position_open
EURCHF,2026-04-02 13:09:00+00:00,-1,position_open
EURCHF,2026-04-14 22:39:00+00:00,1,position_open
EURCHF,2026-04-15 01:57:00+00:00,-1,invalid_sl
EURCHF,2026-04-15 04:26:00+00:00,-1,invalid_sl
EURCHF,2026-04-16 20:59:00+00:00,1,invalid_sl
EURCHF,2026-04-20 23:37:00+00:00,1,position_open
EURCHF,2026-04-21 02:28:00+00:00,1,position_open
EURCHF,2026-04-21 05:50:00+00:00,-1,position_open
EURCHF,2026-04-21 07:38:00+00:00,-1,position_open
EURCHF,2026-04-21 08:03:00+00:00,-1,position_open
EURCHF,2026-04-22 02:12:00+00:00,1,invalid_sl
EURCHF,2026-04-26 21:39:00+00:00,1,invalid_sl
EURCHF,2026-05-01 08:06:00+00:00,1,position_open
EURCHF,2026-05-01 10:30:00+00:00,-1,position_open
EURCHF,2026-05-01 12:27:00+00:00,-1,position_open
EURCHF,2026-05-01 12:58:00+00:00,1,position_open
EURCHF,2026-05-06 01:01:00+00:00,1,position_open
EURCHF,2026-05-07 09:55:00+00:00,1,invalid_sl
EURCHF,2026-05-19 05:37:00+00:00,1,invalid_sl
EURCHF,2026-05-24 22:00:00+00:00,1,invalid_sl
EURCHF,2026-05-27 00:40:00+00:00,-1,position_open
EURCHF,2026-05-27 23:51:00+00:00,1,invalid_sl
EURCHF,2026-05-29 01:37:00+00:00,-1,invalid_sl
EURCHF,2026-06-04 18:28:00+00:00,-1,position_open
EURCHF,2026-06-09 22:51:00+00:00,1,position_open
EURCHF,2026-06-12 18:09:00+00:00,1,position_open
EURCHF,2026-06-12 19:50:00+00:00,1,position_open
EURCHF,2026-06-12 20:36:00+00:00,-1,position_open
EURCHF,2026-06-16 20:31:00+00:00,1,position_open
EURCHF,2026-06-16 21:20:00+00:00,-1,position_open
EURCHF,2026-06-16 23:16:00+00:00,1,position_open
EURCHF,2026-06-17 00:50:00+00:00,-1,position_open
EURCHF,2026-06-17 18:00:00+00:00,-1,invalid_sl
EURCHF,2026-06-19 07:01:00+00:00,-1,invalid_sl
EURCHF,2026-06-22 04:36:00+00:00,1,invalid_sl
EURCHF,2026-06-22 13:00:00+00:00,1,invalid_sl
EURCHF,2026-06-30 04:48:00+00:00,1,invalid_sl
EURCAD,2024-01-17 22:47:00+00:00,-1,invalid_sl
EURCAD,2024-01-26 00:04:00+00:00,1,invalid_sl
EURCAD,2024-02-02 05:55:00+00:00,1,invalid_sl
EURCAD,2024-02-14 02:41:00+00:00,1,position_open
EURCAD,2024-02-14 03:07:00+00:00,-1,position_open
EURCAD,2024-02-15 10:54:00+00:00,1,position_open
EURCAD,2024-02-19 04:51:00+00:00,-1,invalid_sl
EURCAD,2024-02-21 00:00:00+00:00,1,invalid_sl
EURCAD,2024-02-27 13:46:00+00:00,-1,position_open
EURCAD,2024-03-03 22:58:00+00:00,1,invalid_sl
EURCAD,2024-03-29 09:13:00+00:00,1,invalid_sl
EURCAD,2024-04-03 14:30:00+00:00,1,invalid_sl
EURCAD,2024-04-08 06:00:00+00:00,1,invalid_sl
EURCAD,2024-04-11 16:54:00+00:00,1,invalid_sl
EURCAD,2024-04-24 23:17:00+00:00,1,position_open
EURCAD,2024-05-27 21:47:00+00:00,-1,position_open
EURCAD,2024-05-27 22:54:00+00:00,1,position_open
EURCAD,2024-05-28 00:13:00+00:00,1,position_open
EURCAD,2024-05-30 14:38:00+00:00,-1,invalid_sl
EURCAD,2024-06-11 18:44:00+00:00,-1,invalid_sl
EURCAD,2024-06-19 02:36:00+00:00,-1,invalid_sl
EURCAD,2024-06-25 17:27:00+00:00,1,position_open
EURCAD,2024-06-25 18:12:00+00:00,1,position_open
EURCAD,2024-06-25 23:46:00+00:00,-1,position_open
EURCAD,2024-06-26 00:53:00+00:00,1,position_open
EURCAD,2024-06-26 03:05:00+00:00,-1,position_open
EURCAD,2024-06-26 09:57:00+00:00,-1,position_open
EURCAD,2024-06-26 11:21:00+00:00,1,position_open
EURCAD,2024-06-26 13:24:00+00:00,-1,position_open
EURCAD,2024-06-26 14:50:00+00:00,1,position_open
EURCAD,2024-06-26 21:21:00+00:00,-1,position_open
EURCAD,2024-06-26 22:54:00+00:00,1,position_open
EURCAD,2024-06-27 06:30:00+00:00,-1,position_open
EURCAD,2024-06-27 11:12:00+00:00,1,position_open
EURCAD,2024-06-27 21:00:00+00:00,1,invalid_sl
EURCAD,2024-08-06 21:05:00+00:00,1,invalid_sl
EURCAD,2024-08-23 04:23:00+00:00,1,invalid_sl
EURCAD,2024-08-23 16:39:00+00:00,-1,invalid_sl
EURCAD,2024-08-26 22:41:00+00:00,1,invalid_sl
EURCAD,2024-09-23 06:42:00+00:00,-1,invalid_sl
EURCAD,2024-10-04 01:44:00+00:00,1,position_open
EURCAD,2024-10-07 06:00:00+00:00,1,invalid_sl
EURCAD,2024-10-09 05:03:00+00:00,-1,invalid_sl
EURCAD,2024-10-14 20:59:00+00:00,1,invalid_sl
EURCAD,2024-11-04 07:03:00+00:00,-1,position_open
EURCAD,2024-11-12 06:00:00+00:00,1,invalid_sl
EURCAD,2024-11-18 04:53:00+00:00,-1,position_open
EURCAD,2024-11-22 18:14:00+00:00,1,position_open
EURCAD,2024-11-22 20:20:00+00:00,1,position_open
EURCAD,2024-11-28 05:47:00+00:00,1,invalid_sl
EURCAD,2024-11-29 03:29:00+00:00,-1,invalid_sl
EURCAD,2024-12-06 04:31:00+00:00,1,invalid_sl
EURCAD,2024-12-16 00:00:00+00:00,1,invalid_sl
EURCAD,2024-12-20 11:06:00+00:00,1,invalid_sl
EURCAD,2024-12-26 00:09:00+00:00,-1,invalid_sl
EURCAD,2024-12-31 04:46:00+00:00,-1,invalid_sl
EURCAD,2025-01-15 00:41:00+00:00,-1,invalid_sl
EURCAD,2025-01-28 22:56:00+00:00,-1,invalid_sl
EURCAD,2025-01-31 17:08:00+00:00,1,invalid_sl
EURCAD,2025-02-03 14:50:00+00:00,-1,invalid_sl
EURCAD,2025-02-17 22:25:00+00:00,-1,invalid_sl
EURCAD,2025-02-18 17:58:00+00:00,-1,invalid_sl
EURCAD,2025-02-21 01:00:00+00:00,-1,invalid_sl
EURCAD,2025-03-10 20:59:00+00:00,1,invalid_sl
EURCAD,2025-03-10 22:00:00+00:00,-1,invalid_sl
EURCAD,2025-03-18 21:57:00+00:00,-1,invalid_sl
EURCAD,2025-03-24 20:59:00+00:00,1,position_open
EURCAD,2025-04-02 20:13:00+00:00,-1,invalid_sl
EURCAD,2025-04-07 21:51:00+00:00,-1,position_open
EURCAD,2025-04-16 15:40:00+00:00,-1,position_open
EURCAD,2025-04-16 19:14:00+00:00,1,position_open
EURCAD,2025-04-18 10:23:00+00:00,-1,position_open
EURCAD,2025-05-05 20:59:00+00:00,1,invalid_sl
EURCAD,2025-05-19 21:58:00+00:00,-1,invalid_sl
EURCAD,2025-06-04 22:00:00+00:00,-1,invalid_sl
EURCAD,2025-06-08 21:30:00+00:00,-1,invalid_sl
EURCAD,2025-06-12 08:38:00+00:00,1,invalid_sl
EURCAD,2025-07-01 20:59:00+00:00,1,invalid_sl
EURCAD,2025-07-11 17:13:00+00:00,-1,invalid_sl
EURCAD,2025-07-18 04:47:00+00:00,-1,invalid_sl
EURCAD,2025-08-06 23:00:00+00:00,1,invalid_sl
EURCAD,2025-09-01 22:00:00+00:00,-1,invalid_sl
EURCAD,2025-09-03 18:37:00+00:00,-1,position_open
EURCAD,2025-09-03 20:12:00+00:00,-1,position_open
EURCAD,2025-09-04 22:58:00+00:00,-1,position_open
EURCAD,2025-09-05 19:52:00+00:00,-1,position_open
EURCAD,2025-09-12 10:57:00+00:00,1,invalid_sl
EURCAD,2025-09-14 21:30:00+00:00,-1,invalid_sl
EURCAD,2025-09-24 00:42:00+00:00,-1,position_open
EURCAD,2025-10-23 21:05:00+00:00,1,invalid_sl
EURCAD,2025-11-05 23:16:00+00:00,1,position_open
EURCAD,2025-11-07 00:51:00+00:00,-1,position_open
EURCAD,2025-11-07 01:36:00+00:00,1,position_open
EURCAD,2025-11-07 02:16:00+00:00,1,position_open
EURCAD,2025-11-07 04:34:00+00:00,-1,position_open
EURCAD,2025-11-07 09:57:00+00:00,1,position_open
EURCAD,2025-11-11 23:00:00+00:00,1,invalid_sl
EURCAD,2025-11-19 23:00:00+00:00,-1,invalid_sl
EURCAD,2025-11-21 03:18:00+00:00,1,position_open
EURCAD,2025-11-28 21:40:00+00:00,-1,invalid_sl
EURCAD,2025-12-04 02:36:00+00:00,1,invalid_sl
EURCAD,2025-12-09 00:54:00+00:00,1,position_open
EURCAD,2025-12-10 22:00:00+00:00,1,invalid_sl
EURCAD,2025-12-24 01:13:00+00:00,1,position_open
EURCAD,2025-12-24 20:45:00+00:00,1,invalid_sl
EURCAD,2025-12-26 00:01:00+00:00,1,invalid_sl
EURCAD,2025-12-28 23:36:00+00:00,1,position_open
EURCAD,2026-01-14 01:00:00+00:00,1,invalid_sl
EURCAD,2026-01-20 00:54:00+00:00,-1,invalid_sl
EURCAD,2026-01-20 15:21:00+00:00,1,invalid_sl
EURCAD,2026-01-22 02:37:00+00:00,-1,position_open
EURCAD,2026-01-22 05:55:00+00:00,-1,position_open
EURCAD,2026-01-29 23:31:00+00:00,1,invalid_sl
EURCAD,2026-02-01 23:00:00+00:00,-1,invalid_sl
EURCAD,2026-02-04 01:31:00+00:00,1,position_open
EURCAD,2026-02-04 17:48:00+00:00,-1,position_open
EURCAD,2026-02-04 19:01:00+00:00,1,position_open
EURCAD,2026-02-04 20:07:00+00:00,1,position_open
EURCAD,2026-02-04 21:12:00+00:00,-1,position_open
EURCAD,2026-02-05 21:59:00+00:00,1,invalid_sl
EURCAD,2026-02-11 01:57:00+00:00,-1,position_open
EURCAD,2026-02-17 00:57:00+00:00,-1,position_open
EURCAD,2026-02-17 06:57:00+00:00,1,position_open
EURCAD,2026-02-17 08:15:00+00:00,-1,position_open
EURCAD,2026-02-17 09:28:00+00:00,1,position_open
EURCAD,2026-03-11 03:00:00+00:00,-1,invalid_sl
EURCAD,2026-03-12 19:04:00+00:00,-1,invalid_sl
EURCAD,2026-03-18 11:26:00+00:00,1,invalid_sl
EURCAD,2026-03-22 21:59:00+00:00,-1,invalid_sl
EURCAD,2026-04-06 03:19:00+00:00,1,invalid_sl
EURCAD,2026-04-06 14:38:00+00:00,1,invalid_sl
EURCAD,2026-04-06 16:25:00+00:00,-1,invalid_sl
EURCAD,2026-04-09 00:54:00+00:00,1,invalid_sl
EURCAD,2026-04-12 22:00:00+00:00,-1,invalid_sl
EURCAD,2026-04-13 05:55:00+00:00,1,invalid_sl
EURCAD,2026-04-15 20:59:00+00:00,1,invalid_sl
EURCAD,2026-04-15 22:00:00+00:00,-1,invalid_sl
EURCAD,2026-04-20 22:33:00+00:00,1,position_open
EURCAD,2026-04-21 00:18:00+00:00,-1,position_open
EURCAD,2026-04-21 05:44:00+00:00,1,position_open
EURCAD,2026-04-21 06:43:00+00:00,-1,position_open
EURCAD,2026-04-21 11:59:00+00:00,1,position_open
EURCAD,2026-04-21 20:09:00+00:00,-1,invalid_sl
EURCAD,2026-04-22 10:59:00+00:00,1,position_open
EURCAD,2026-04-22 11:21:00+00:00,-1,position_open
EURCAD,2026-04-26 23:51:00+00:00,-1,position_open
EURCAD,2026-04-27 00:26:00+00:00,1,position_open
EURCAD,2026-04-27 06:21:00+00:00,-1,position_open
EURCAD,2026-04-28 02:13:00+00:00,1,position_open
EURCAD,2026-05-12 11:42:00+00:00,-1,position_open
EURCAD,2026-05-17 23:00:00+00:00,1,position_open
EURCAD,2026-05-17 23:32:00+00:00,1,position_open
EURCAD,2026-05-18 19:01:00+00:00,-1,invalid_sl
EURCAD,2026-05-22 20:52:00+00:00,-1,invalid_sl
EURCAD,2026-05-25 20:59:00+00:00,1,invalid_sl
EURCAD,2026-05-26 00:03:00+00:00,-1,position_open
EURCAD,2026-05-26 03:27:00+00:00,1,position_open
EURCAD,2026-05-26 04:32:00+00:00,-1,position_open
EURCAD,2026-05-26 06:36:00+00:00,1,position_open
EURCAD,2026-05-26 08:37:00+00:00,-1,position_open
EURCAD,2026-05-26 09:38:00+00:00,1,position_open
EURCAD,2026-06-05 12:30:00+00:00,1,invalid_sl
EURCAD,2026-06-10 14:18:00+00:00,1,position_open
EURCAD,2026-06-16 22:00:00+00:00,-1,invalid_sl
EURCAD,2026-06-22 01:57:00+00:00,1,position_open
EURCAD,2026-06-22 06:06:00+00:00,-1,position_open
EURCAD,2026-06-22 06:39:00+00:00,1,position_open
EURCAD,2026-06-22 07:52:00+00:00,-1,position_open
EURCAD,2026-06-25 07:00:00+00:00,-1,invalid_sl
GBPAUD,2024-01-02 08:00:00+00:00,1,invalid_sl
GBPAUD,2024-01-02 23:00:00+00:00,-1,position_open
GBPAUD,2024-01-15 20:41:00+00:00,1,invalid_sl
GBPAUD,2024-01-19 07:56:00+00:00,-1,invalid_sl
GBPAUD,2024-01-29 18:12:00+00:00,1,position_open
GBPAUD,2024-01-29 19:03:00+00:00,1,position_open
GBPAUD,2024-01-29 19:22:00+00:00,-1,position_open
GBPAUD,2024-01-30 22:50:00+00:00,1,position_open
GBPAUD,2024-02-22 09:29:00+00:00,1,invalid_sl
GBPAUD,2024-02-29 21:59:00+00:00,1,invalid_sl
GBPAUD,2024-03-17 23:13:00+00:00,1,position_open
GBPAUD,2024-03-18 01:23:00+00:00,1,position_open
GBPAUD,2024-03-18 02:11:00+00:00,-1,position_open
GBPAUD,2024-03-18 07:22:00+00:00,1,position_open
GBPAUD,2024-03-18 08:57:00+00:00,-1,position_open
GBPAUD,2024-03-18 14:57:00+00:00,1,position_open
GBPAUD,2024-03-25 23:42:00+00:00,1,invalid_sl
GBPAUD,2024-03-28 22:01:00+00:00,-1,position_open
GBPAUD,2024-04-08 23:23:00+00:00,-1,position_open
GBPAUD,2024-04-28 23:01:00+00:00,1,position_open
GBPAUD,2024-04-29 20:28:00+00:00,-1,invalid_sl
GBPAUD,2024-05-06 07:26:00+00:00,1,invalid_sl
GBPAUD,2024-05-10 05:50:00+00:00,1,invalid_sl
GBPAUD,2024-05-14 20:06:00+00:00,-1,invalid_sl
GBPAUD,2024-05-23 23:50:00+00:00,-1,invalid_sl
GBPAUD,2024-05-27 19:29:00+00:00,-1,invalid_sl
GBPAUD,2024-05-29 20:59:00+00:00,1,invalid_sl
GBPAUD,2024-06-13 23:32:00+00:00,1,position_open
GBPAUD,2024-06-23 22:42:00+00:00,1,position_open
GBPAUD,2024-06-26 22:23:00+00:00,1,invalid_sl
GBPAUD,2024-07-03 01:29:00+00:00,1,invalid_sl
GBPAUD,2024-07-09 23:15:00+00:00,-1,invalid_sl
GBPAUD,2024-07-11 13:30:00+00:00,-1,invalid_sl
GBPAUD,2024-07-12 17:14:00+00:00,-1,invalid_sl
GBPAUD,2024-07-16 22:16:00+00:00,1,position_open
GBPAUD,2024-07-21 21:30:00+00:00,-1,invalid_sl
GBPAUD,2024-07-25 21:55:00+00:00,1,position_open
GBPAUD,2024-08-05 09:37:00+00:00,-1,invalid_sl
GBPAUD,2024-08-06 11:00:00+00:00,-1,position_open
GBPAUD,2024-08-06 21:59:00+00:00,1,position_open
GBPAUD,2024-08-08 12:30:00+00:00,1,invalid_sl
GBPAUD,2024-08-27 18:35:00+00:00,-1,position_open
GBPAUD,2024-08-27 22:44:00+00:00,1,position_open
GBPAUD,2024-08-29 20:55:00+00:00,1,position_open
GBPAUD,2024-09-02 00:31:00+00:00,-1,position_open
GBPAUD,2024-09-06 12:30:00+00:00,1,invalid_sl
GBPAUD,2024-09-12 11:42:00+00:00,1,position_open
GBPAUD,2024-09-12 12:26:00+00:00,-1,position_open
GBPAUD,2024-09-18 19:34:00+00:00,-1,position_open
GBPAUD,2024-09-18 20:05:00+00:00,1,position_open
GBPAUD,2024-09-23 12:04:00+00:00,-1,invalid_sl
GBPAUD,2024-09-26 22:11:00+00:00,1,position_open
GBPAUD,2024-09-26 23:26:00+00:00,-1,position_open
GBPAUD,2024-09-27 05:44:00+00:00,1,position_open
GBPAUD,2024-09-27 06:21:00+00:00,-1,position_open
GBPAUD,2024-09-27 19:40:00+00:00,-1,position_open
GBPAUD,2024-09-27 20:59:00+00:00,1,invalid_sl
GBPAUD,2024-10-09 18:00:00+00:00,-1,invalid_sl
GBPAUD,2024-10-14 01:13:00+00:00,1,position_open
GBPAUD,2024-10-14 03:33:00+00:00,-1,position_open
GBPAUD,2024-10-14 06:24:00+00:00,1,position_open
GBPAUD,2024-10-15 17:25:00+00:00,1,position_open
GBPAUD,2024-10-16 04:11:00+00:00,-1,invalid_sl
GBPAUD,2024-10-21 13:40:00+00:00,-1,position_open
GBPAUD,2024-10-29 23:29:00+00:00,1,invalid_sl
GBPAUD,2024-10-30 00:27:00+00:00,-1,position_open
GBPAUD,2024-11-01 17:02:00+00:00,1,invalid_sl
GBPAUD,2024-11-11 10:04:00+00:00,1,position_open
GBPAUD,2024-11-12 23:00:00+00:00,1,position_open
GBPAUD,2024-11-28 13:04:00+00:00,1,position_open
GBPAUD,2024-11-28 14:08:00+00:00,-1,position_open
GBPAUD,2024-12-03 00:21:00+00:00,1,invalid_sl
GBPAUD,2024-12-09 22:25:00+00:00,-1,invalid_sl
GBPAUD,2024-12-18 00:34:00+00:00,1,position_open
GBPAUD,2024-12-24 11:11:00+00:00,1,invalid_sl
GBPAUD,2025-01-02 22:57:00+00:00,-1,invalid_sl
GBPAUD,2025-01-28 22:06:00+00:00,1,invalid_sl
GBPAUD,2025-02-05 22:04:00+00:00,1,invalid_sl
GBPAUD,2025-02-11 04:42:00+00:00,-1,position_open
GBPAUD,2025-02-19 08:39:00+00:00,1,position_open
GBPAUD,2025-02-19 10:19:00+00:00,-1,position_open
GBPAUD,2025-02-19 12:16:00+00:00,-1,position_open
GBPAUD,2025-02-19 14:09:00+00:00,1,position_open
GBPAUD,2025-02-24 13:20:00+00:00,-1,invalid_sl
GBPAUD,2025-02-26 05:31:00+00:00,-1,invalid_sl
GBPAUD,2025-02-28 18:54:00+00:00,-1,position_open
GBPAUD,2025-02-28 19:30:00+00:00,1,position_open
GBPAUD,2025-02-28 20:26:00+00:00,-1,position_open
GBPAUD,2025-03-04 07:07:00+00:00,-1,invalid_sl
GBPAUD,2025-03-09 23:17:00+00:00,1,invalid_sl
GBPAUD,2025-03-18 22:19:00+00:00,-1,position_open
GBPAUD,2025-05-05 05:39:00+00:00,-1,invalid_sl
GBPAUD,2025-05-14 20:32:00+00:00,-1,invalid_sl
GBPAUD,2025-05-22 23:16:00+00:00,1,position_open
GBPAUD,2025-05-23 01:19:00+00:00,-1,position_open
GBPAUD,2025-05-26 22:01:00+00:00,-1,invalid_sl
GBPAUD,2025-06-23 08:30:00+00:00,-1,invalid_sl
GBPAUD,2025-06-25 07:51:00+00:00,1,invalid_sl
GBPAUD,2025-07-14 22:53:00+00:00,1,position_open
GBPAUD,2025-07-15 01:10:00+00:00,1,position_open
GBPAUD,2025-07-25 20:58:00+00:00,-1,invalid_sl
GBPAUD,2025-08-06 22:42:00+00:00,-1,position_open
GBPAUD,2025-08-27 14:40:00+00:00,-1,invalid_sl
GBPAUD,2025-09-01 23:00:00+00:00,-1,position_open
GBPAUD,2025-09-01 23:28:00+00:00,-1,position_open
GBPAUD,2025-09-02 01:00:00+00:00,-1,position_open
GBPAUD,2025-09-09 22:34:00+00:00,1,position_open
GBPAUD,2025-09-10 00:14:00+00:00,-1,position_open
GBPAUD,2025-09-10 22:28:00+00:00,1,invalid_sl
GBPAUD,2025-09-11 11:55:00+00:00,1,invalid_sl
GBPAUD,2025-09-16 11:53:00+00:00,-1,invalid_sl
GBPAUD,2025-09-22 06:30:00+00:00,1,invalid_sl
GBPAUD,2025-09-28 23:14:00+00:00,1,position_open
GBPAUD,2025-09-29 22:26:00+00:00,1,invalid_sl
GBPAUD,2025-10-02 20:53:00+00:00,1,position_open
GBPAUD,2025-11-06 23:00:00+00:00,-1,invalid_sl
GBPAUD,2025-11-07 03:26:00+00:00,1,position_open
GBPAUD,2025-11-19 09:35:00+00:00,-1,position_open
GBPAUD,2025-11-27 01:10:00+00:00,-1,position_open
GBPAUD,2025-12-03 02:16:00+00:00,-1,position_open
GBPAUD,2025-12-03 03:31:00+00:00,-1,position_open
GBPAUD,2025-12-03 07:37:00+00:00,1,position_open
GBPAUD,2025-12-08 12:03:00+00:00,1,invalid_sl
GBPAUD,2025-12-15 10:03:00+00:00,1,invalid_sl
GBPAUD,2025-12-15 23:27:00+00:00,-1,position_open
GBPAUD,2025-12-18 02:30:00+00:00,-1,invalid_sl
GBPAUD,2025-12-26 00:27:00+00:00,-1,position_open
GBPAUD,2025-12-26 00:58:00+00:00,1,position_open
GBPAUD,2025-12-26 01:07:00+00:00,-1,position_open
GBPAUD,2025-12-26 01:35:00+00:00,1,position_open
GBPAUD,2025-12-26 02:27:00+00:00,-1,position_open
GBPAUD,2026-01-07 22:56:00+00:00,1,invalid_sl
GBPAUD,2026-01-08 00:01:00+00:00,1,invalid_sl
GBPAUD,2026-01-12 21:59:00+00:00,1,invalid_sl
GBPAUD,2026-01-21 22:45:00+00:00,1,position_open
GBPAUD,2026-01-28 01:28:00+00:00,1,position_open
GBPAUD,2026-01-28 02:56:00+00:00,-1,position_open
GBPAUD,2026-01-28 05:15:00+00:00,-1,position_open
GBPAUD,2026-02-05 06:54:00+00:00,-1,position_open
GBPAUD,2026-02-12 23:33:00+00:00,-1,position_open
GBPAUD,2026-02-12 23:52:00+00:00,1,position_open
GBPAUD,2026-02-17 01:00:00+00:00,1,invalid_sl
GBPAUD,2026-02-26 12:10:00+00:00,1,invalid_sl
GBPAUD,2026-03-02 07:08:00+00:00,-1,invalid_sl
GBPAUD,2026-03-10 01:01:00+00:00,1,position_open
GBPAUD,2026-03-13 02:39:00+00:00,-1,invalid_sl
GBPAUD,2026-03-27 19:53:00+00:00,1,position_open
GBPAUD,2026-04-01 12:48:00+00:00,-1,invalid_sl
GBPAUD,2026-04-03 20:00:00+00:00,1,invalid_sl
GBPAUD,2026-04-22 01:19:00+00:00,-1,position_open
GBPAUD,2026-04-22 04:52:00+00:00,-1,position_open
GBPAUD,2026-04-22 07:55:00+00:00,1,position_open
GBPAUD,2026-04-22 08:54:00+00:00,1,position_open
GBPAUD,2026-04-26 22:00:00+00:00,-1,invalid_sl
GBPAUD,2026-05-17 21:15:00+00:00,1,invalid_sl
GBPAUD,2026-05-17 21:34:00+00:00,-1,invalid_sl
GBPAUD,2026-05-27 15:35:00+00:00,-1,invalid_sl
GBPAUD,2026-05-28 23:05:00+00:00,1,position_open
GBPAUD,2026-05-29 07:36:00+00:00,-1,invalid_sl
GBPAUD,2026-06-02 18:22:00+00:00,-1,position_open
GBPAUD,2026-06-04 11:17:00+00:00,1,invalid_sl
GBPAUD,2026-06-04 20:58:00+00:00,1,invalid_sl
GBPAUD,2026-06-15 14:25:00+00:00,1,invalid_sl
GBPAUD,2026-06-17 23:06:00+00:00,1,position_open
GBPAUD,2026-06-18 00:20:00+00:00,-1,position_open
GBPAUD,2026-06-22 06:00:00+00:00,1,invalid_sl
GBPAUD,2026-06-22 18:30:00+00:00,1,invalid_sl
GBPAUD,2026-06-22 18:52:00+00:00,-1,invalid_sl
GBPAUD,2026-06-25 00:50:00+00:00,1,invalid_sl
GBPCHF,2024-01-07 22:46:00+00:00,-1,invalid_sl
GBPCHF,2024-01-11 02:06:00+00:00,-1,position_open
GBPCHF,2024-01-14 22:05:00+00:00,1,invalid_sl
GBPCHF,2024-01-16 23:36:00+00:00,1,position_open
GBPCHF,2024-01-19 14:38:00+00:00,-1,invalid_sl
GBPCHF,2024-01-23 15:45:00+00:00,1,position_open
GBPCHF,2024-01-24 00:35:00+00:00,-1,position_open
GBPCHF,2024-01-24 01:03:00+00:00,1,position_open
GBPCHF,2024-01-24 02:11:00+00:00,-1,position_open
GBPCHF,2024-01-24 03:21:00+00:00,1,position_open
GBPCHF,2024-01-24 06:50:00+00:00,-1,position_open
GBPCHF,2024-02-02 01:47:00+00:00,1,invalid_sl
GBPCHF,2024-02-08 10:52:00+00:00,-1,position_open
GBPCHF,2024-02-13 23:41:00+00:00,1,position_open
GBPCHF,2024-02-14 02:39:00+00:00,-1,position_open
GBPCHF,2024-02-14 03:58:00+00:00,-1,position_open
GBPCHF,2024-02-14 05:03:00+00:00,1,position_open
GBPCHF,2024-02-14 05:29:00+00:00,-1,position_open
GBPCHF,2024-02-14 06:57:00+00:00,1,position_open
GBPCHF,2024-02-15 22:52:00+00:00,1,position_open
GBPCHF,2024-02-16 00:55:00+00:00,-1,position_open
GBPCHF,2024-02-16 02:25:00+00:00,1,position_open
GBPCHF,2024-02-16 05:54:00+00:00,-1,position_open
GBPCHF,2024-02-16 06:37:00+00:00,1,position_open
GBPCHF,2024-02-16 09:45:00+00:00,1,position_open
GBPCHF,2024-02-16 12:40:00+00:00,1,position_open
GBPCHF,2024-02-16 14:41:00+00:00,-1,position_open
GBPCHF,2024-02-20 01:15:00+00:00,-1,position_open
GBPCHF,2024-02-20 02:32:00+00:00,1,position_open
GBPCHF,2024-03-04 23:54:00+00:00,1,invalid_sl
GBPCHF,2024-03-11 06:39:00+00:00,-1,invalid_sl
GBPCHF,2024-03-29 13:18:00+00:00,1,position_open
GBPCHF,2024-04-03 01:16:00+00:00,1,invalid_sl
GBPCHF,2024-04-04 13:10:00+00:00,-1,position_open
GBPCHF,2024-04-23 22:32:00+00:00,1,invalid_sl
GBPCHF,2024-05-03 00:51:00+00:00,1,invalid_sl
GBPCHF,2024-05-05 23:00:00+00:00,1,invalid_sl
GBPCHF,2024-05-09 00:16:00+00:00,-1,position_open
GBPCHF,2024-05-28 21:04:00+00:00,1,invalid_sl
GBPCHF,2024-05-31 07:43:00+00:00,-1,invalid_sl
GBPCHF,2024-06-03 07:09:00+00:00,1,position_open
GBPCHF,2024-06-07 05:30:00+00:00,-1,invalid_sl
GBPCHF,2024-06-07 19:45:00+00:00,1,position_open
GBPCHF,2024-06-10 01:24:00+00:00,1,position_open
GBPCHF,2024-06-10 05:17:00+00:00,-1,position_open
GBPCHF,2024-06-10 06:46:00+00:00,1,position_open
GBPCHF,2024-06-10 07:06:00+00:00,-1,position_open
GBPCHF,2024-06-10 21:24:00+00:00,-1,invalid_sl
GBPCHF,2024-06-11 00:32:00+00:00,1,invalid_sl
GBPCHF,2024-06-11 22:33:00+00:00,1,position_open
GBPCHF,2024-06-12 05:24:00+00:00,-1,position_open
GBPCHF,2024-06-12 07:01:00+00:00,-1,position_open
GBPCHF,2024-07-04 23:24:00+00:00,-1,position_open
GBPCHF,2024-07-05 00:10:00+00:00,1,position_open
GBPCHF,2024-07-05 02:16:00+00:00,-1,position_open
GBPCHF,2024-07-09 23:23:00+00:00,1,position_open
GBPCHF,2024-07-15 02:30:00+00:00,1,position_open
GBPCHF,2024-07-15 22:54:00+00:00,1,position_open
GBPCHF,2024-07-15 23:59:00+00:00,-1,position_open
GBPCHF,2024-07-16 01:05:00+00:00,-1,position_open
GBPCHF,2024-07-16 02:22:00+00:00,1,position_open
GBPCHF,2024-07-16 03:38:00+00:00,-1,position_open
GBPCHF,2024-08-14 20:18:00+00:00,1,invalid_sl
GBPCHF,2024-08-21 21:31:00+00:00,-1,invalid_sl
GBPCHF,2024-08-22 22:27:00+00:00,1,position_open
GBPCHF,2024-08-23 02:12:00+00:00,-1,position_open
GBPCHF,2024-08-23 03:08:00+00:00,1,position_open
GBPCHF,2024-08-27 22:45:00+00:00,-1,position_open
GBPCHF,2024-08-27 23:59:00+00:00,1,position_open
GBPCHF,2024-09-08 22:59:00+00:00,1,invalid_sl
GBPCHF,2024-10-04 01:43:00+00:00,-1,position_open
GBPCHF,2024-10-04 02:31:00+00:00,1,position_open
GBPCHF,2024-10-04 03:49:00+00:00,-1,position_open
GBPCHF,2024-10-07 22:33:00+00:00,1,invalid_sl
GBPCHF,2024-10-07 23:49:00+00:00,1,position_open
GBPCHF,2024-10-09 21:30:00+00:00,-1,invalid_sl
GBPCHF,2024-10-31 21:05:00+00:00,1,invalid_sl
GBPCHF,2024-11-27 03:18:00+00:00,-1,invalid_sl
GBPCHF,2025-01-02 23:59:00+00:00,-1,position_open
GBPCHF,2025-01-03 00:48:00+00:00,1,position_open
GBPCHF,2025-01-03 01:01:00+00:00,-1,position_open
GBPCHF,2025-01-03 02:12:00+00:00,-1,position_open
GBPCHF,2025-01-06 14:18:00+00:00,1,invalid_sl
GBPCHF,2025-01-07 21:49:00+00:00,1,position_open
GBPCHF,2025-01-07 22:30:00+00:00,-1,position_open
GBPCHF,2025-01-08 00:35:00+00:00,-1,position_open
GBPCHF,2025-01-08 01:32:00+00:00,-1,position_open
GBPCHF,2025-01-08 02:01:00+00:00,1,position_open
GBPCHF,2025-01-08 05:08:00+00:00,-1,position_open
GBPCHF,2025-01-08 05:55:00+00:00,1,position_open
GBPCHF,2025-01-10 03:54:00+00:00,-1,position_open
GBPCHF,2025-01-21 10:15:00+00:00,1,position_open
GBPCHF,2025-01-21 12:01:00+00:00,-1,position_open
GBPCHF,2025-01-21 12:37:00+00:00,1,position_open
GBPCHF,2025-01-21 14:09:00+00:00,1,position_open
GBPCHF,2025-01-26 23:00:00+00:00,-1,invalid_sl
GBPCHF,2025-01-29 14:31:00+00:00,1,invalid_sl
GBPCHF,2025-02-03 21:59:00+00:00,1,invalid_sl
GBPCHF,2025-02-07 07:00:00+00:00,1,invalid_sl
GBPCHF,2025-02-13 18:40:00+00:00,1,invalid_sl
GBPCHF,2025-02-25 23:00:00+00:00,-1,invalid_sl
GBPCHF,2025-02-27 00:07:00+00:00,1,position_open
GBPCHF,2025-02-27 01:37:00+00:00,1,position_open
GBPCHF,2025-03-18 23:57:00+00:00,1,position_open
GBPCHF,2025-04-06 21:50:00+00:00,-1,invalid_sl
GBPCHF,2025-04-07 21:51:00+00:00,1,invalid_sl
GBPCHF,2025-04-11 05:50:00+00:00,1,invalid_sl
GBPCHF,2025-04-14 02:51:00+00:00,1,invalid_sl
GBPCHF,2025-04-17 00:54:00+00:00,1,invalid_sl
GBPCHF,2025-04-18 11:59:00+00:00,-1,position_open
GBPCHF,2025-04-24 00:12:00+00:00,1,invalid_sl
GBPCHF,2025-04-30 00:56:00+00:00,1,invalid_sl
GBPCHF,2025-04-30 01:31:00+00:00,-1,invalid_sl
GBPCHF,2025-05-07 04:44:00+00:00,-1,position_open
GBPCHF,2025-05-07 08:23:00+00:00,1,position_open
GBPCHF,2025-05-07 09:41:00+00:00,-1,position_open
GBPCHF,2025-05-19 03:32:00+00:00,1,position_open
GBPCHF,2025-05-25 21:58:00+00:00,-1,invalid_sl
GBPCHF,2025-05-30 01:28:00+00:00,-1,position_open
GBPCHF,2025-05-30 05:48:00+00:00,1,position_open
GBPCHF,2025-06-03 00:57:00+00:00,1,position_open
GBPCHF,2025-06-03 21:30:00+00:00,-1,invalid_sl
GBPCHF,2025-06-09 23:51:00+00:00,1,position_open
GBPCHF,2025-06-10 00:11:00+00:00,1,position_open
GBPCHF,2025-06-24 21:26:00+00:00,-1,invalid_sl
GBPCHF,2025-06-30 00:51:00+00:00,1,invalid_sl
GBPCHF,2025-07-01 04:28:00+00:00,-1,invalid_sl
GBPCHF,2025-07-03 07:42:00+00:00,1,invalid_sl
GBPCHF,2025-07-10 23:17:00+00:00,1,position_open
GBPCHF,2025-07-11 00:43:00+00:00,-1,position_open
GBPCHF,2025-07-11 01:47:00+00:00,1,position_open
GBPCHF,2025-07-11 04:03:00+00:00,1,position_open
GBPCHF,2025-07-11 04:37:00+00:00,-1,position_open
GBPCHF,2025-07-16 07:18:00+00:00,-1,position_open
GBPCHF,2025-07-21 23:32:00+00:00,1,position_open
GBPCHF,2025-07-30 20:01:00+00:00,1,invalid_sl
GBPCHF,2025-08-07 05:49:00+00:00,1,position_open
GBPCHF,2025-08-07 06:24:00+00:00,-1,position_open
GBPCHF,2025-08-07 07:20:00+00:00,1,position_open
GBPCHF,2025-08-10 22:00:00+00:00,-1,invalid_sl
GBPCHF,2025-08-15 05:30:00+00:00,-1,invalid_sl
GBPCHF,2025-08-21 22:51:00+00:00,1,position_open
GBPCHF,2025-08-24 22:54:00+00:00,1,position_open
GBPCHF,2025-08-25 02:18:00+00:00,1,position_open
GBPCHF,2025-08-26 00:03:00+00:00,1,position_open
GBPCHF,2025-08-26 00:50:00+00:00,-1,position_open
GBPCHF,2025-08-26 04:35:00+00:00,1,position_open
GBPCHF,2025-09-05 05:35:00+00:00,-1,invalid_sl
GBPCHF,2025-09-09 22:37:00+00:00,1,position_open
GBPCHF,2025-09-09 23:32:00+00:00,-1,position_open
GBPCHF,2025-09-16 04:39:00+00:00,-1,position_open
GBPCHF,2025-09-23 23:19:00+00:00,1,invalid_sl
GBPCHF,2025-09-30 21:03:00+00:00,1,invalid_sl
GBPCHF,2025-10-09 00:23:00+00:00,1,invalid_sl
GBPCHF,2025-10-14 12:59:00+00:00,-1,invalid_sl
GBPCHF,2025-10-15 20:57:00+00:00,1,position_open
GBPCHF,2025-10-15 22:56:00+00:00,1,position_open
GBPCHF,2025-10-16 02:14:00+00:00,-1,position_open
GBPCHF,2025-10-16 05:33:00+00:00,1,position_open
GBPCHF,2025-10-22 03:57:00+00:00,-1,position_open
GBPCHF,2025-10-29 08:39:00+00:00,1,invalid_sl
GBPCHF,2025-11-03 06:28:00+00:00,-1,position_open
GBPCHF,2025-11-04 21:59:00+00:00,1,invalid_sl
GBPCHF,2025-11-04 23:00:00+00:00,1,position_open
GBPCHF,2025-11-05 00:52:00+00:00,-1,position_open
GBPCHF,2025-11-10 18:58:00+00:00,-1,position_open
GBPCHF,2025-11-10 19:23:00+00:00,1,position_open
GBPCHF,2025-11-17 18:13:00+00:00,-1,position_open
GBPCHF,2025-11-27 08:09:00+00:00,1,invalid_sl
GBPCHF,2025-12-15 21:56:00+00:00,-1,invalid_sl
GBPCHF,2025-12-25 03:35:00+00:00,1,invalid_sl
GBPCHF,2025-12-25 22:09:00+00:00,-1,invalid_sl
GBPCHF,2025-12-26 20:02:00+00:00,-1,invalid_sl
GBPCHF,2025-12-29 00:25:00+00:00,1,position_open
GBPCHF,2025-12-29 00:51:00+00:00,-1,position_open
GBPCHF,2025-12-30 05:47:00+00:00,1,position_open
GBPCHF,2025-12-30 07:43:00+00:00,1,position_open
GBPCHF,2026-01-05 00:22:00+00:00,-1,position_open
GBPCHF,2026-01-05 03:53:00+00:00,1,position_open
GBPCHF,2026-01-08 00:05:00+00:00,1,position_open
GBPCHF,2026-01-08 00:38:00+00:00,-1,position_open
GBPCHF,2026-01-08 01:28:00+00:00,1,position_open
GBPCHF,2026-01-08 02:22:00+00:00,-1,position_open
GBPCHF,2026-01-09 01:20:00+00:00,1,position_open
GBPCHF,2026-01-19 06:39:00+00:00,1,position_open
GBPCHF,2026-01-19 07:30:00+00:00,-1,position_open
GBPCHF,2026-01-19 07:48:00+00:00,1,position_open
GBPCHF,2026-01-19 12:38:00+00:00,-1,position_open
GBPCHF,2026-01-19 16:08:00+00:00,-1,position_open
GBPCHF,2026-01-19 17:36:00+00:00,1,position_open
GBPCHF,2026-01-19 22:11:00+00:00,-1,position_open
GBPCHF,2026-01-20 00:06:00+00:00,1,position_open
GBPCHF,2026-01-20 00:34:00+00:00,-1,position_open
GBPCHF,2026-01-20 02:30:00+00:00,-1,position_open
GBPCHF,2026-01-20 05:54:00+00:00,1,position_open
GBPCHF,2026-01-20 06:57:00+00:00,-1,position_open
GBPCHF,2026-01-27 09:03:00+00:00,-1,invalid_sl
GBPCHF,2026-02-02 21:59:00+00:00,1,invalid_sl
GBPCHF,2026-02-03 00:15:00+00:00,-1,position_open
GBPCHF,2026-02-03 04:44:00+00:00,1,position_open
GBPCHF,2026-02-03 07:31:00+00:00,-1,position_open
GBPCHF,2026-02-04 21:59:00+00:00,1,invalid_sl
GBPCHF,2026-02-04 23:56:00+00:00,1,position_open
GBPCHF,2026-02-05 01:36:00+00:00,-1,position_open
GBPCHF,2026-02-06 02:46:00+00:00,1,invalid_sl
GBPCHF,2026-02-10 23:58:00+00:00,1,position_open
GBPCHF,2026-02-11 00:42:00+00:00,-1,position_open
GBPCHF,2026-02-11 02:02:00+00:00,1,position_open
GBPCHF,2026-02-11 02:37:00+00:00,1,position_open
GBPCHF,2026-02-11 03:47:00+00:00,-1,position_open
GBPCHF,2026-02-11 08:00:00+00:00,1,position_open
GBPCHF,2026-02-11 08:21:00+00:00,-1,position_open
GBPCHF,2026-02-16 06:41:00+00:00,-1,invalid_sl
GBPCHF,2026-02-17 01:12:00+00:00,-1,invalid_sl
GBPCHF,2026-02-17 23:43:00+00:00,1,position_open
GBPCHF,2026-02-18 01:09:00+00:00,1,position_open
GBPCHF,2026-02-18 03:37:00+00:00,1,position_open
GBPCHF,2026-02-19 18:50:00+00:00,1,position_open
GBPCHF,2026-02-23 23:54:00+00:00,1,invalid_sl
GBPCHF,2026-03-06 01:12:00+00:00,1,position_open
GBPCHF,2026-03-06 06:24:00+00:00,-1,position_open
GBPCHF,2026-03-06 06:51:00+00:00,1,position_open
GBPCHF,2026-03-06 08:02:00+00:00,-1,position_open
GBPCHF,2026-03-06 13:30:00+00:00,1,invalid_sl
GBPCHF,2026-03-16 03:02:00+00:00,-1,invalid_sl
GBPCHF,2026-03-25 01:00:00+00:00,1,invalid_sl
GBPCHF,2026-03-26 22:44:00+00:00,1,position_open
GBPCHF,2026-03-31 16:40:00+00:00,-1,invalid_sl
GBPCHF,2026-04-08 05:52:00+00:00,1,invalid_sl
GBPCHF,2026-04-21 03:22:00+00:00,-1,invalid_sl
GBPCHF,2026-04-21 04:10:00+00:00,1,invalid_sl
GBPCHF,2026-04-21 16:23:00+00:00,1,position_open
GBPCHF,2026-04-21 22:56:00+00:00,1,position_open
GBPCHF,2026-04-23 00:52:00+00:00,-1,invalid_sl
GBPCHF,2026-04-23 20:59:00+00:00,1,invalid_sl
GBPCHF,2026-04-23 21:25:00+00:00,-1,invalid_sl
GBPCHF,2026-04-28 12:56:00+00:00,1,invalid_sl
GBPCHF,2026-05-13 21:05:00+00:00,-1,invalid_sl
GBPCHF,2026-05-25 20:18:00+00:00,-1,invalid_sl
GBPCHF,2026-05-26 23:10:00+00:00,1,position_open
GBPCHF,2026-05-27 00:14:00+00:00,-1,position_open
GBPCHF,2026-05-27 01:15:00+00:00,-1,position_open
GBPCHF,2026-05-27 02:10:00+00:00,-1,position_open
GBPCHF,2026-05-27 02:54:00+00:00,1,position_open
GBPCHF,2026-05-27 05:10:00+00:00,-1,position_open
GBPCHF,2026-06-02 20:55:00+00:00,1,invalid_sl
GBPCHF,2026-06-04 05:39:00+00:00,-1,position_open
GBPCHF,2026-06-04 07:04:00+00:00,1,position_open
GBPCHF,2026-06-04 23:01:00+00:00,1,position_open
GBPCHF,2026-06-09 22:00:00+00:00,-1,invalid_sl
GBPCHF,2026-06-11 06:42:00+00:00,1,position_open
GBPCHF,2026-06-11 10:21:00+00:00,-1,position_open
GBPCHF,2026-06-15 20:59:00+00:00,1,invalid_sl
GBPCHF,2026-06-15 22:00:00+00:00,-1,position_open
GBPCHF,2026-06-15 22:36:00+00:00,1,position_open
GBPCHF,2026-06-16 01:22:00+00:00,-1,position_open
GBPCHF,2026-06-16 03:24:00+00:00,-1,position_open
GBPCHF,2026-06-16 03:51:00+00:00,-1,position_open
GBPCHF,2026-06-16 04:56:00+00:00,1,position_open
GBPCHF,2026-06-16 19:44:00+00:00,1,position_open
GBPCHF,2026-06-16 20:44:00+00:00,1,position_open
GBPCHF,2026-06-16 23:44:00+00:00,1,position_open
GBPCHF,2026-06-17 00:50:00+00:00,-1,position_open
GBPCHF,2026-06-24 23:07:00+00:00,1,position_open
GBPCHF,2026-06-25 01:41:00+00:00,1,position_open
GBPCHF,2026-06-25 02:32:00+00:00,-1,position_open
GBPCHF,2026-06-25 05:32:00+00:00,1,position_open
GBPCHF,2026-06-25 08:45:00+00:00,1,position_open
GBPCHF,2026-06-25 13:01:00+00:00,1,position_open
GBPCHF,2026-06-25 14:49:00+00:00,-1,position_open
GBPCHF,2026-06-25 23:43:00+00:00,1,position_open
GBPCHF,2026-06-26 03:54:00+00:00,-1,position_open
GBPCHF,2026-06-26 09:47:00+00:00,1,position_open
GBPCHF,2026-06-30 22:45:00+00:00,1,position_open
AUDNZD,2024-01-02 21:55:00+00:00,1,invalid_sl
AUDNZD,2024-01-05 18:25:00+00:00,1,invalid_sl
AUDNZD,2024-01-05 18:30:00+00:00,-1,invalid_sl
AUDNZD,2024-01-08 17:33:00+00:00,-1,invalid_sl
AUDNZD,2024-01-10 22:45:00+00:00,-1,invalid_sl
AUDNZD,2024-01-12 21:55:00+00:00,1,invalid_sl
AUDNZD,2024-01-19 18:07:00+00:00,1,position_open
AUDNZD,2024-01-19 21:37:00+00:00,-1,position_open
AUDNZD,2024-01-30 12:12:00+00:00,-1,position_open
AUDNZD,2024-02-01 00:54:00+00:00,-1,invalid_sl
AUDNZD,2024-02-02 21:59:00+00:00,1,invalid_sl
AUDNZD,2024-02-05 00:42:00+00:00,-1,position_open
AUDNZD,2024-02-13 01:52:00+00:00,-1,invalid_sl
AUDNZD,2024-02-14 17:23:00+00:00,1,position_open
AUDNZD,2024-02-21 23:14:00+00:00,-1,position_open
AUDNZD,2024-02-22 00:05:00+00:00,1,position_open
AUDNZD,2024-03-05 01:22:00+00:00,1,invalid_sl
AUDNZD,2024-03-05 03:45:00+00:00,-1,invalid_sl
AUDNZD,2024-03-12 20:37:00+00:00,1,invalid_sl
AUDNZD,2024-03-14 00:13:00+00:00,-1,invalid_sl
AUDNZD,2024-03-14 17:12:00+00:00,-1,invalid_sl
AUDNZD,2024-03-17 22:45:00+00:00,-1,position_open
AUDNZD,2024-03-18 00:00:00+00:00,-1,position_open
AUDNZD,2024-03-18 01:43:00+00:00,1,position_open
AUDNZD,2024-03-18 02:49:00+00:00,-1,position_open
AUDNZD,2024-03-18 07:02:00+00:00,1,position_open
AUDNZD,2024-03-18 09:02:00+00:00,1,position_open
AUDNZD,2024-03-18 10:19:00+00:00,1,position_open
AUDNZD,2024-03-19 23:15:00+00:00,1,position_open
AUDNZD,2024-03-24 22:44:00+00:00,1,position_open
AUDNZD,2024-03-27 22:00:00+00:00,-1,invalid_sl
AUDNZD,2024-03-29 13:17:00+00:00,1,invalid_sl
AUDNZD,2024-04-07 23:50:00+00:00,1,position_open
AUDNZD,2024-04-08 00:16:00+00:00,-1,position_open
AUDNZD,2024-04-08 02:26:00+00:00,1,position_open
AUDNZD,2024-04-08 21:04:00+00:00,1,invalid_sl
AUDNZD,2024-04-09 05:45:00+00:00,1,position_open
AUDNZD,2024-04-10 16:50:00+00:00,-1,invalid_sl
AUDNZD,2024-04-12 06:00:00+00:00,1,invalid_sl
AUDNZD,2024-04-12 20:59:00+00:00,1,invalid_sl
AUDNZD,2024-04-14 21:46:00+00:00,1,position_open
AUDNZD,2024-04-15 22:59:00+00:00,1,position_open
AUDNZD,2024-04-16 00:00:00+00:00,1,position_open
AUDNZD,2024-04-16 00:48:00+00:00,-1,position_open
AUDNZD,2024-04-22 00:32:00+00:00,1,position_open
AUDNZD,2024-04-22 01:16:00+00:00,-1,position_open
AUDNZD,2024-04-22 07:58:00+00:00,-1,position_open
AUDNZD,2024-04-22 09:15:00+00:00,1,position_open
AUDNZD,2024-04-22 16:11:00+00:00,1,position_open
AUDNZD,2024-04-22 16:46:00+00:00,-1,position_open
AUDNZD,2024-04-23 00:24:00+00:00,1,position_open
AUDNZD,2024-04-23 07:29:00+00:00,1,invalid_sl
AUDNZD,2024-05-06 20:35:00+00:00,-1,position_open
AUDNZD,2024-05-07 22:23:00+00:00,1,position_open
AUDNZD,2024-05-07 23:55:00+00:00,-1,position_open
AUDNZD,2024-05-21 16:59:00+00:00,-1,invalid_sl
AUDNZD,2024-05-21 21:00:00+00:00,1,invalid_sl
AUDNZD,2024-05-22 10:34:00+00:00,-1,invalid_sl
AUDNZD,2024-05-23 11:01:00+00:00,1,invalid_sl
AUDNZD,2024-05-27 18:36:00+00:00,1,position_open
AUDNZD,2024-06-03 11:29:00+00:00,-1,invalid_sl
AUDNZD,2024-06-04 21:37:00+00:00,1,invalid_sl
AUDNZD,2024-06-06 20:49:00+00:00,-1,invalid_sl
AUDNZD,2024-06-13 22:43:00+00:00,1,position_open
AUDNZD,2024-07-04 22:40:00+00:00,1,position_open
AUDNZD,2024-07-08 08:28:00+00:00,-1,invalid_sl
AUDNZD,2024-07-09 22:38:00+00:00,-1,position_open
AUDNZD,2024-07-10 17:50:00+00:00,1,invalid_sl
AUDNZD,2024-07-10 22:46:00+00:00,1,invalid_sl
AUDNZD,2024-07-18 01:30:00+00:00,-1,invalid_sl
AUDNZD,2024-07-18 20:59:00+00:00,1,invalid_sl
AUDNZD,2024-07-21 21:25:00+00:00,-1,invalid_sl
AUDNZD,2024-07-23 11:21:00+00:00,1,invalid_sl
AUDNZD,2024-07-23 23:51:00+00:00,1,position_open
AUDNZD,2024-07-25 23:02:00+00:00,1,position_open
AUDNZD,2024-07-25 23:48:00+00:00,1,position_open
AUDNZD,2024-07-29 04:01:00+00:00,1,invalid_sl
AUDNZD,2024-07-29 21:59:00+00:00,-1,invalid_sl
AUDNZD,2024-08-21 22:47:00+00:00,1,position_open
AUDNZD,2024-08-29 08:06:00+00:00,1,invalid_sl
AUDNZD,2024-09-11 00:15:00+00:00,1,position_open
AUDNZD,2024-09-15 23:21:00+00:00,1,position_open
AUDNZD,2024-09-16 00:08:00+00:00,1,position_open
AUDNZD,2024-09-17 06:34:00+00:00,1,invalid_sl
AUDNZD,2024-09-18 22:36:00+00:00,1,position_open
AUDNZD,2024-09-18 22:53:00+00:00,-1,position_open
AUDNZD,2024-09-18 23:58:00+00:00,1,position_open
AUDNZD,2024-09-23 13:49:00+00:00,-1,invalid_sl
AUDNZD,2024-10-01 20:16:00+00:00,-1,invalid_sl
AUDNZD,2024-10-17 22:11:00+00:00,1,position_open
AUDNZD,2024-10-21 20:59:00+00:00,1,invalid_sl
AUDNZD,2024-10-23 04:48:00+00:00,1,invalid_sl
AUDNZD,2024-10-24 01:38:00+00:00,-1,invalid_sl
AUDNZD,2024-10-25 06:47:00+00:00,1,invalid_sl
AUDNZD,2024-11-05 00:53:00+00:00,1,position_open
AUDNZD,2024-11-21 21:59:00+00:00,1,invalid_sl
AUDNZD,2024-11-21 23:00:00+00:00,1,invalid_sl
AUDNZD,2024-11-26 22:04:00+00:00,1,invalid_sl
AUDNZD,2024-11-27 00:31:00+00:00,-1,invalid_sl
AUDNZD,2024-11-27 00:59:00+00:00,1,invalid_sl
AUDNZD,2024-11-28 08:50:00+00:00,-1,invalid_sl
AUDNZD,2024-12-10 09:01:00+00:00,1,position_open
AUDNZD,2024-12-11 01:22:00+00:00,1,position_open
AUDNZD,2024-12-17 14:11:00+00:00,1,invalid_sl
AUDNZD,2025-01-02 00:04:00+00:00,1,invalid_sl
AUDNZD,2025-01-02 22:57:00+00:00,1,invalid_sl
AUDNZD,2025-01-08 22:50:00+00:00,1,position_open
AUDNZD,2025-01-09 01:24:00+00:00,-1,position_open
AUDNZD,2025-01-09 06:47:00+00:00,1,position_open
AUDNZD,2025-01-09 07:41:00+00:00,-1,position_open
AUDNZD,2025-01-09 08:05:00+00:00,1,position_open
AUDNZD,2025-01-09 09:14:00+00:00,1,position_open
AUDNZD,2025-01-09 13:17:00+00:00,-1,position_open
AUDNZD,2025-01-09 23:45:00+00:00,1,position_open
AUDNZD,2025-01-10 00:20:00+00:00,1,position_open
AUDNZD,2025-01-10 12:58:00+00:00,-1,position_open
AUDNZD,2025-01-16 21:54:00+00:00,1,position_open
AUDNZD,2025-01-26 23:00:00+00:00,1,invalid_sl
AUDNZD,2025-01-29 06:05:00+00:00,1,position_open
AUDNZD,2025-01-29 18:59:00+00:00,1,invalid_sl
AUDNZD,2025-01-30 07:00:00+00:00,1,invalid_sl
AUDNZD,2025-02-06 03:53:00+00:00,-1,position_open
AUDNZD,2025-02-06 04:53:00+00:00,1,position_open
AUDNZD,2025-02-11 12:17:00+00:00,-1,invalid_sl
AUDNZD,2025-02-14 06:09:00+00:00,-1,position_open
AUDNZD,2025-02-14 06:28:00+00:00,1,position_open
AUDNZD,2025-02-14 07:14:00+00:00,1,position_open
AUDNZD,2025-02-14 07:36:00+00:00,-1,position_open
AUDNZD,2025-02-14 08:10:00+00:00,1,position_open
AUDNZD,2025-02-14 10:07:00+00:00,-1,position_open
AUDNZD,2025-02-14 12:35:00+00:00,1,position_open
AUDNZD,2025-02-14 13:32:00+00:00,-1,position_open
AUDNZD,2025-02-16 22:32:00+00:00,1,invalid_sl
AUDNZD,2025-02-21 01:03:00+00:00,-1,position_open
AUDNZD,2025-02-21 03:12:00+00:00,-1,position_open
AUDNZD,2025-02-21 10:15:00+00:00,1,position_open
AUDNZD,2025-02-21 11:36:00+00:00,1,position_open
AUDNZD,2025-02-21 13:42:00+00:00,-1,position_open
AUDNZD,2025-02-21 15:08:00+00:00,-1,position_open
AUDNZD,2025-03-02 23:54:00+00:00,1,invalid_sl
AUDNZD,2025-03-03 06:30:00+00:00,-1,invalid_sl
AUDNZD,2025-03-07 00:34:00+00:00,-1,position_open
AUDNZD,2025-03-11 19:02:00+00:00,1,invalid_sl
AUDNZD,2025-03-14 00:39:00+00:00,-1,position_open
AUDNZD,2025-03-19 18:29:00+00:00,-1,position_open
AUDNZD,2025-03-19 19:38:00+00:00,-1,position_open
AUDNZD,2025-03-20 00:30:00+00:00,1,invalid_sl
AUDNZD,2025-04-14 23:26:00+00:00,-1,position_open
AUDNZD,2025-04-16 02:15:00+00:00,1,position_open
AUDNZD,2025-04-16 03:45:00+00:00,-1,position_open
AUDNZD,2025-04-16 08:51:00+00:00,1,position_open
AUDNZD,2025-04-17 22:33:00+00:00,-1,invalid_sl
AUDNZD,2025-04-24 22:30:00+00:00,1,position_open
AUDNZD,2025-04-25 10:18:00+00:00,-1,invalid_sl
AUDNZD,2025-04-28 23:30:00+00:00,1,invalid_sl
AUDNZD,2025-04-29 22:03:00+00:00,1,invalid_sl
AUDNZD,2025-05-02 00:07:00+00:00,-1,invalid_sl
AUDNZD,2025-05-02 05:35:00+00:00,-1,position_open
AUDNZD,2025-05-02 06:34:00+00:00,1,invalid_sl
AUDNZD,2025-05-05 22:59:00+00:00,1,invalid_sl
AUDNZD,2025-05-09 00:00:00+00:00,-1,position_open
AUDNZD,2025-05-19 02:51:00+00:00,1,position_open
AUDNZD,2025-05-19 05:14:00+00:00,1,position_open
AUDNZD,2025-05-19 06:25:00+00:00,-1,position_open
AUDNZD,2025-05-19 07:31:00+00:00,1,position_open
AUDNZD,2025-05-21 02:09:00+00:00,1,position_open
AUDNZD,2025-05-26 22:02:00+00:00,1,invalid_sl
AUDNZD,2025-06-05 23:45:00+00:00,-1,position_open
AUDNZD,2025-06-16 17:45:00+00:00,1,invalid_sl
AUDNZD,2025-06-17 15:53:00+00:00,-1,invalid_sl
AUDNZD,2025-06-19 00:11:00+00:00,1,invalid_sl
AUDNZD,2025-06-27 00:26:00+00:00,-1,position_open
AUDNZD,2025-06-27 01:29:00+00:00,-1,position_open
AUDNZD,2025-06-27 19:11:00+00:00,1,position_open
AUDNZD,2025-06-27 19:42:00+00:00,-1,position_open
AUDNZD,2025-06-27 20:52:00+00:00,1,position_open
AUDNZD,2025-06-29 23:10:00+00:00,-1,position_open
AUDNZD,2025-07-01 13:27:00+00:00,1,invalid_sl
AUDNZD,2025-07-02 04:57:00+00:00,1,position_open
AUDNZD,2025-07-02 16:44:00+00:00,-1,invalid_sl
AUDNZD,2025-07-02 23:11:00+00:00,-1,position_open
AUDNZD,2025-07-02 23:54:00+00:00,1,position_open
AUDNZD,2025-07-03 00:08:00+00:00,-1,position_open
AUDNZD,2025-07-08 19:57:00+00:00,1,invalid_sl
AUDNZD,2025-07-08 23:22:00+00:00,1,position_open
AUDNZD,2025-07-11 01:19:00+00:00,1,position_open
AUDNZD,2025-07-15 12:05:00+00:00,-1,position_open
AUDNZD,2025-07-15 18:06:00+00:00,1,invalid_sl
AUDNZD,2025-07-16 21:27:00+00:00,-1,invalid_sl
AUDNZD,2025-07-18 05:53:00+00:00,1,invalid_sl
AUDNZD,2025-07-21 03:57:00+00:00,-1,position_open
AUDNZD,2025-07-21 04:29:00+00:00,1,position_open
AUDNZD,2025-07-21 04:37:00+00:00,-1,position_open
AUDNZD,2025-07-22 05:22:00+00:00,1,invalid_sl
AUDNZD,2025-07-23 00:15:00+00:00,1,invalid_sl
AUDNZD,2025-07-30 22:54:00+00:00,1,invalid_sl
AUDNZD,2025-07-31 02:01:00+00:00,1,invalid_sl
AUDNZD,2025-08-04 22:00:00+00:00,-1,position_open
AUDNZD,2025-08-05 01:42:00+00:00,1,position_open
AUDNZD,2025-08-10 23:29:00+00:00,-1,invalid_sl
AUDNZD,2025-08-12 22:55:00+00:00,-1,position_open
AUDNZD,2025-08-12 23:34:00+00:00,1,position_open
AUDNZD,2025-08-13 00:02:00+00:00,-1,position_open
AUDNZD,2025-08-13 03:04:00+00:00,-1,position_open
AUDNZD,2025-08-13 05:42:00+00:00,1,position_open
AUDNZD,2025-08-13 06:49:00+00:00,-1,position_open
AUDNZD,2025-08-13 13:00:00+00:00,1,position_open
AUDNZD,2025-08-13 20:57:00+00:00,1,position_open
AUDNZD,2025-08-17 22:00:00+00:00,-1,invalid_sl
AUDNZD,2025-08-20 01:30:00+00:00,1,invalid_sl
AUDNZD,2025-08-25 22:23:00+00:00,1,position_open
AUDNZD,2025-08-25 22:59:00+00:00,1,position_open
AUDNZD,2025-08-25 23:48:00+00:00,-1,position_open
AUDNZD,2025-08-26 00:34:00+00:00,-1,position_open
AUDNZD,2025-08-26 01:12:00+00:00,1,position_open
AUDNZD,2025-08-26 23:20:00+00:00,1,position_open
AUDNZD,2025-08-28 22:25:00+00:00,1,position_open
AUDNZD,2025-08-29 01:52:00+00:00,1,position_open
AUDNZD,2025-08-29 13:32:00+00:00,-1,invalid_sl
AUDNZD,2025-09-08 23:00:00+00:00,1,position_open
AUDNZD,2025-09-09 02:27:00+00:00,1,position_open
AUDNZD,2025-09-09 23:36:00+00:00,1,position_open
AUDNZD,2025-09-10 22:33:00+00:00,1,position_open
AUDNZD,2025-09-11 02:15:00+00:00,-1,position_open
AUDNZD,2025-09-11 02:34:00+00:00,1,position_open
AUDNZD,2025-09-11 04:59:00+00:00,-1,position_open
AUDNZD,2025-09-11 07:00:00+00:00,1,position_open
AUDNZD,2025-09-14 23:18:00+00:00,1,position_open
AUDNZD,2025-09-15 23:00:00+00:00,1,position_open
AUDNZD,2025-09-16 21:30:00+00:00,-1,invalid_sl
AUDNZD,2025-09-17 05:10:00+00:00,-1,invalid_sl
AUDNZD,2025-09-21 23:16:00+00:00,1,position_open
AUDNZD,2025-09-22 22:59:00+00:00,1,invalid_sl
AUDNZD,2025-09-25 22:00:00+00:00,-1,position_open
AUDNZD,2025-09-25 22:45:00+00:00,1,position_open
AUDNZD,2025-09-26 01:36:00+00:00,-1,position_open
AUDNZD,2025-09-26 03:49:00+00:00,1,position_open
AUDNZD,2025-09-26 05:13:00+00:00,-1,position_open
AUDNZD,2025-09-26 13:02:00+00:00,1,position_open
AUDNZD,2025-09-28 21:27:00+00:00,-1,position_open
AUDNZD,2025-09-28 23:27:00+00:00,1,position_open
AUDNZD,2025-09-29 00:12:00+00:00,-1,position_open
AUDNZD,2025-09-29 00:30:00+00:00,1,position_open
AUDNZD,2025-09-29 05:58:00+00:00,1,position_open
AUDNZD,2025-09-29 06:46:00+00:00,-1,position_open
AUDNZD,2025-09-29 10:01:00+00:00,1,position_open
AUDNZD,2025-09-30 04:30:00+00:00,-1,invalid_sl
AUDNZD,2025-09-30 23:55:00+00:00,-1,position_open
AUDNZD,2025-10-01 10:43:00+00:00,1,position_open
AUDNZD,2025-10-01 12:58:00+00:00,-1,position_open
AUDNZD,2025-10-01 18:03:00+00:00,1,position_open
AUDNZD,2025-10-01 21:16:00+00:00,-1,position_open
AUDNZD,2025-10-02 01:19:00+00:00,-1,position_open
AUDNZD,2025-10-02 23:12:00+00:00,1,position_open
AUDNZD,2025-10-03 02:38:00+00:00,-1,position_open
AUDNZD,2025-10-03 08:31:00+00:00,-1,position_open
AUDNZD,2025-10-03 13:59:00+00:00,1,position_open
AUDNZD,2025-10-03 18:18:00+00:00,-1,position_open
AUDNZD,2025-10-05 22:44:00+00:00,1,position_open
AUDNZD,2025-10-06 01:22:00+00:00,-1,position_open
AUDNZD,2025-10-06 02:23:00+00:00,1,position_open
AUDNZD,2025-10-06 03:26:00+00:00,-1,position_open
AUDNZD,2025-10-06 04:55:00+00:00,-1,position_open
AUDNZD,2025-10-06 05:51:00+00:00,1,position_open
AUDNZD,2025-10-06 13:04:00+00:00,-1,position_open
AUDNZD,2025-10-06 13:49:00+00:00,1,position_open
AUDNZD,2025-10-06 14:12:00+00:00,-1,position_open
AUDNZD,2025-10-06 16:39:00+00:00,-1,position_open
AUDNZD,2025-10-06 22:00:00+00:00,-1,position_open
AUDNZD,2025-10-06 22:53:00+00:00,1,position_open
AUDNZD,2025-10-07 09:10:00+00:00,1,position_open
AUDNZD,2025-10-13 20:59:00+00:00,1,invalid_sl
AUDNZD,2025-10-22 13:37:00+00:00,-1,invalid_sl
AUDNZD,2025-10-23 14:36:00+00:00,1,position_open
AUDNZD,2025-10-26 22:00:00+00:00,-1,invalid_sl
AUDNZD,2025-10-29 10:15:00+00:00,-1,position_open
AUDNZD,2025-10-29 17:26:00+00:00,1,position_open
AUDNZD,2025-10-29 19:42:00+00:00,-1,position_open
AUDNZD,2025-10-29 20:50:00+00:00,1,position_open
AUDNZD,2025-10-29 22:25:00+00:00,-1,position_open
AUDNZD,2025-10-30 00:38:00+00:00,-1,position_open
AUDNZD,2025-10-30 01:49:00+00:00,1,position_open
AUDNZD,2025-10-30 03:38:00+00:00,1,position_open
AUDNZD,2025-10-30 04:35:00+00:00,-1,position_open
AUDNZD,2025-10-30 07:20:00+00:00,1,position_open
AUDNZD,2025-10-30 07:53:00+00:00,-1,position_open
AUDNZD,2025-10-30 12:31:00+00:00,1,position_open
AUDNZD,2025-10-31 11:07:00+00:00,-1,invalid_sl
AUDNZD,2025-11-06 18:23:00+00:00,-1,position_open
AUDNZD,2025-11-06 19:18:00+00:00,1,position_open
AUDNZD,2025-11-11 00:00:00+00:00,1,position_open
AUDNZD,2025-11-11 00:57:00+00:00,-1,position_open
AUDNZD,2025-11-13 00:30:00+00:00,-1,invalid_sl
AUDNZD,2025-11-18 02:39:00+00:00,1,invalid_sl
AUDNZD,2025-11-21 14:04:00+00:00,1,invalid_sl
AUDNZD,2025-11-26 13:50:00+00:00,1,invalid_sl
AUDNZD,2025-12-04 22:49:00+00:00,1,invalid_sl
AUDNZD,2025-12-08 04:42:00+00:00,1,position_open
AUDNZD,2025-12-08 09:19:00+00:00,-1,position_open
AUDNZD,2025-12-08 12:25:00+00:00,1,position_open
AUDNZD,2025-12-08 13:22:00+00:00,-1,position_open
AUDNZD,2025-12-08 15:32:00+00:00,1,position_open
AUDNZD,2025-12-08 17:27:00+00:00,-1,position_open
AUDNZD,2025-12-09 00:06:00+00:00,1,position_open
AUDNZD,2025-12-09 01:11:00+00:00,1,position_open
AUDNZD,2025-12-10 13:55:00+00:00,-1,invalid_sl
AUDNZD,2025-12-26 15:50:00+00:00,-1,invalid_sl
AUDNZD,2025-12-29 21:59:00+00:00,1,invalid_sl
AUDNZD,2025-12-31 15:55:00+00:00,1,invalid_sl
AUDNZD,2026-01-02 09:10:00+00:00,-1,position_open
AUDNZD,2026-01-07 22:56:00+00:00,-1,position_open
AUDNZD,2026-01-07 23:13:00+00:00,1,position_open
AUDNZD,2026-01-15 13:30:00+00:00,-1,invalid_sl
AUDNZD,2026-01-19 15:28:00+00:00,-1,invalid_sl
AUDNZD,2026-01-19 17:33:00+00:00,-1,invalid_sl
AUDNZD,2026-01-20 00:45:00+00:00,1,invalid_sl
AUDNZD,2026-01-29 09:31:00+00:00,1,invalid_sl
AUDNZD,2026-01-29 21:20:00+00:00,1,invalid_sl
AUDNZD,2026-02-04 22:58:00+00:00,1,invalid_sl
AUDNZD,2026-02-08 22:53:00+00:00,1,invalid_sl
AUDNZD,2026-02-19 21:47:00+00:00,1,invalid_sl
AUDNZD,2026-03-15 21:57:00+00:00,-1,position_open
AUDNZD,2026-03-23 13:30:00+00:00,-1,position_open
AUDNZD,2026-04-03 20:04:00+00:00,-1,invalid_sl
AUDNZD,2026-04-05 22:46:00+00:00,1,invalid_sl
AUDNZD,2026-04-08 17:06:00+00:00,1,invalid_sl
AUDNZD,2026-04-08 22:34:00+00:00,-1,position_open
AUDNZD,2026-04-10 06:00:00+00:00,1,invalid_sl
AUDNZD,2026-04-14 18:01:00+00:00,-1,invalid_sl
AUDNZD,2026-04-14 22:49:00+00:00,1,position_open
AUDNZD,2026-04-15 23:22:00+00:00,-1,position_open
AUDNZD,2026-04-22 22:33:00+00:00,1,position_open
AUDNZD,2026-04-23 22:47:00+00:00,1,position_open
AUDNZD,2026-04-24 01:12:00+00:00,-1,position_open
AUDNZD,2026-04-24 03:16:00+00:00,1,position_open
AUDNZD,2026-04-24 05:53:00+00:00,1,position_open
AUDNZD,2026-04-24 09:26:00+00:00,-1,position_open
AUDNZD,2026-04-24 16:37:00+00:00,1,position_open
AUDNZD,2026-04-24 19:10:00+00:00,-1,position_open
AUDNZD,2026-04-27 21:55:00+00:00,1,position_open
AUDNZD,2026-04-27 23:52:00+00:00,1,position_open
AUDNZD,2026-04-28 01:07:00+00:00,1,position_open
AUDNZD,2026-05-05 21:55:00+00:00,1,invalid_sl
AUDNZD,2026-05-25 00:30:00+00:00,1,position_open
AUDNZD,2026-05-26 22:00:00+00:00,-1,invalid_sl
AUDNZD,2026-06-02 14:00:00+00:00,-1,position_open
AUDNZD,2026-06-08 22:51:00+00:00,1,position_open
AUDNZD,2026-06-09 22:45:00+00:00,1,position_open
AUDNZD,2026-06-10 14:00:00+00:00,1,position_open
AUDNZD,2026-06-16 13:56:00+00:00,1,position_open
AUDNZD,2026-06-16 14:51:00+00:00,-1,position_open
AUDNZD,2026-06-18 00:31:00+00:00,1,position_open
AUDNZD,2026-06-18 01:36:00+00:00,-1,position_open
AUDNZD,2026-06-18 23:18:00+00:00,-1,position_open
AUDNZD,2026-06-19 03:11:00+00:00,1,position_open
AUDNZD,2026-06-19 15:57:00+00:00,1,invalid_sl
AUDNZD,2026-06-21 21:33:00+00:00,1,invalid_sl
AUDNZD,2026-06-22 08:54:00+00:00,-1,invalid_sl
AUDNZD,2026-06-24 07:58:00+00:00,-1,invalid_sl
AUDNZD,2026-06-26 20:42:00+00:00,-1,invalid_sl
